Workbook
Name NativeTimeline_Fecha: #N/A
Name NativeTimeline_Fecha1: #N/A
Name NativeTimeline_Fecha2: #N/A

Sheet BD_Cod
A1: SKU | B1: Descripción | C1: Especie | D1: Variedad | E1: Manejo | F1: Calibre | G1: Calidad | H1: Familia Calidad | I1: Formato | J1: Envase | K1: PSP/PTT | L1: Agrupa | M1: PRODUCTO | N1: Precio Odoo
A2: 100001 | B2: AR HB Conv. >12 mm IQF A 13,61 kg en Caja | C2: Arándano | D2: HB | E2: Conv. | F2: >12 mm | G2: IQF A | H2: PTT | I2: 13,61 kg | J2: Caja | K2: Arándano HB Conv. PPT | L2: AR HB Conv.
A3: 100002 | B3: AR HB Conv. >12 mm IQF B 13,61 kg en Caja | C3: Arándano | D3: HB | E3: Conv. | F3: >11 mm | G3: IQF B | H3: PTT | I3: 13,61 kg | J3: Caja | K3: Arándano HB Conv. PPT | L3: AR HB Conv.
A4: 100003 | B4: AR RY Conv. >12 mm IQF A 13,61 kg en Caja | C4: Arándano | D4: RY | E4: Conv. | F4: >12 mm | G4: IQF A | H4: PTT | I4: 13,61 kg | J4: Caja | K4: Arándano RY Conv. PPT | L4: AR RY Conv.
A5: 100004 | B5: AR RY Conv. >12 mm IQF B 13,61 kg en Caja | C5: Arándano | D5: RY | E5: Conv. | F5: >12 mm | G5: IQF B | H5: PTT | I5: 13,61 kg | J5: Caja | K5: Arándano RY Conv. PPT | L5: AR RY Conv.
A6: 100005 | B6: AR HB Org. >12 mm IQF A 13,61 kg en Caja | C6: Arándano | D6: HB | E6: Org. | F6: >12 mm | G6: IQF A | H6: PTT | I6: 13,61 kg | J6: Caja | K6: Arándano HB Org. PPT | L6: AR HB Org.
A7: 100006 | B7: AR HB Org. >12 mm IQF B 13,61 kg en Caja | C7: Arándano | D7: HB | E7: Org. | F7: >12 mm | G7: IQF B | H7: PTT | I7: 13,61 kg | J7: Caja | K7: Arándano HB Org. PPT | L7: AR HB Org.
A8: 100007 | B8: AR RY Org. >12 mm IQF A 13,61 kg en Caja | C8: Arándano | D8: RY | E8: Org. | F8: >12 mm | G8: IQF A | H8: PTT | I8: 13,61 kg | J8: Caja | K8: Arándano RY Org. PPT | L8: AR RY Org.
A9: 100008 | B9: AR RY Org. >11 mm IQF B 13,61 kg en Caja | C9: Arándano | D9: RY | E9: Org. | F9: >11 mm | G9: IQF B | H9: PTT | I9: 13,61 kg | J9: Caja | K9: Arándano RY Org. PPT | L9: AR RY Org.
A10: 100009 | B10: FB MK Conv. >12 mm IQF A 4x2,5 kg en Caja | C10: Frambuesa | D10: MK | E10: Conv. | F10: >12 mm | G10: IQF A | H10: PTT | I10: 4x2,5 kg | J10: Caja | K10: Frambuesa MK Conv. PPT | L10: FB MK Conv.
A11: 100010 | B11: FB WF Conv. >12 mm IQF A 4x2,5 kg en Caja | C11: Frambuesa | D11: WF | E11: Conv. | F11: >12 mm | G11: IQF A | H11: PTT | I11: 4x2,5 kg | J11: Caja | K11: Frambuesa MK Conv. PPT | L11: FB WF Conv.
A12: 100011 | B12: FB MK Org. >12 mm IQF A 4x2,5 kg en Caja | C12: Frambuesa | D12: MK | E12: Org. | F12: >12 mm | G12: IQF A | H12: PTT | I12: 4x2,5 kg | J12: Caja | K12: Frambuesa MK Conv. PPT | L12: FB MK Org.
A13: 100012 | B13: FB WF Org. >12 mm IQF A 4x2,5 kg en Caja | C13: Frambuesa | D13: WF | E13: Org. | F13: >12 mm | G13: IQF A | H13: PTT | I13: 4x2,5 kg | J13: Caja | K13: Frambuesa WF Org. PPT | L13: FB WF Org.
... A40: 100039 | B40: Blueberry Retail 1Kg | C40: Blueberries Retail | D40: Blueberries | E40: Conv. | F40: >12 mm | G40: IQF A | H40: Retail | I40: 10x1 Kg | J40: Caja | K40: Arándano HB Conv. PPT | L40: Retail AR Conv.
A41: 100040 | B41: Triple Berry Mix Retail | C41: Triple Berry Mix | D41: Berries | E41: Conv. | F41: S/C | G41: IQF A | H41: Retail | I41: 15x0,5kg | K41: Mix Conv. PPT | L41: Triple Berry Mix.
A42: 100041 | B42: Triple Berries Block | C42: Triple Berry Mix | D42: Berries | E42: Conv. | F42: S/C | G42: Block | H42: PTT | I42: 10x1 Kg | J42: Caja | K42: Mix Conv. PSP | L42: Triple Berry Mix.
A43: 100042 | B43: Triple Berry Mix Retail por Borrar | C43: Triple Berry Mix | D43: Por Borrar | E43: Conv. | F43: S/C | G43: IQF A | H43: Retail | I43: 15x0,5kg | J43: Caja | K43: Mix Conv. PPT | L43: Triple Berry Mix.
A44: 100043 | B44: AR HB Conv. 12-16 mm IQF A 13,61 kg en Caja | C44: Arándano | D44: HB | E44: Conv. | F44: 12-16 mm | G44: IQF A | H44: PTT | I44: 13,61 kg | J44: Caja | K44: Arándano HB Conv. PPT | L44: AR HB Conv.
A45: 100044 | B45: FRUTILLA S/V Conv. S/C IQF A 13,61 kg en Caja | C45: Frutilla | D45: S/V | E45: Conv. | F45: S/C | G45: IQF A | H45: PTT | I45: 13,61 kg | J45: Caja | K45: FT SV Conv. PPT | L45: Frutilla Conv.
A46: 100045 | B46: MORA S/V Conv. S/C IQF A 13,61 kg en Caja | C46: Mora | D46: S/V | E46: Conv. | F46: S/C | G46: IQF A | H46: PPT | I46: 13,61 kg | J46: Caja | K46: Mora SV Conv. PPT | L46: MORA S/V Conv.
A47: 100046 | B47: AR HB Conv. <13 mm IQF A 13,61 kg en Caja | C47: Arándano | D47: HB | E47: Conv. | F47: <13 mm | G47: IQF A | H47: PTT | I47: 13,61 kg | J47: Caja | K47: Arándano HB Conv. PSP | L47: AR HB Conv.
A48: 100047 | B48: AR HB Org. <12 mm PSP 13,61 kg en Caja | C48: Arándano | D48: HB | E48: Org. | F48: <12 mm | G48: IQF A | H48: PSP | I48: 13,61 kg | J48: Caja | K48: Arándano HB Conv. PSP | L48: AR HB Conv.
A49: 100048 | B49: AR HB Conv. <12 mm PSP 13,61 kg en Caja | C49: Arándano | D49: HB | E49: Conv. | F49: <12 mm | G49: PSP | H49: PSP | I49: 13,61 kg | J49: Caja | K49: Arándano HB Conv. PSP | L49: AR HB Conv.
A50: 100049 | B50: AR HB Org. >12 mm IQF B 13,61 kg en Caja | C50: Arándano | D50: HB | E50: Org. | F50: >12 mm | G50: IQF B | H50: PTT | I50: 13,61 kg | J50: Caja | K50: Arándano HB Org. PPT | L50: AR HB Org.
A51: 100050 | B51: AR HB Org. >11 mm PSP 13,61 kg en Caja | C51: Arándano | D51: HB | E51: Org. | F51: >12 mm | G51: PSP | H51: PSP | I51: 13,61 kg | J51: Caja | K51: Arándano HB Org. PSP | L51: AR HB Org.
A52: 100051 | B52: AR HB Conv. >12 mm IQF A+ 13,61 kg en Caja | C52: Arándano | D52: HB | E52: Conv. | F52: >12 mm | G52: IQF A+ | H52: PTT | I52: 13,61 kg | J52: Caja | K52: Arándano HB Conv. PPT | L52: AR HB Conv.
A53: 100052 | B53: AR RY Conv. >15 mm IQF A 13,61 kg en Caja | C53: Arándano | D53: RY | E53: Conv. | F53: >15 mm | G53: IQF A | H53: PTT | I53: 13,61 kg | J53: Caja | K53: Arándano RY Conv. PPT | L53: AR RY Conv.
... A105: 100107 | B105: AR HB DUKE Conv. >14 IQF A 13,61 kg en Caja | C105: Arándano | D105: Duke | E105: Org. | F105: >14 | G105: IQF A | H105: PTT | I105: 13,61 kg | J105: Caja | K105: Arándano HB DUKE Org. PTT | L105: AR HB DUKE Org.
A106: 100108 | B106: Bueno Farms Blueberry Retail 100grs | C106: Arándano | D106: S/V | E106: Conv. | F106: >12 mm | G106: IQF A | H106: Retail | I106: 100x10grs | J106: Caja
A107: 100109 | B107: Bueno Farms Raspberry Retail 100grs | C107: Frambuesa | D107: S/V | E107: Conv. | F107: >12 mm | G107: IQF A | H107: Retail | I107: 100x10grs | J107: Caja
A108: 100110 | B108: Chocolate dipped Conventional raspberries - white and milk chocolate
A109: 100111 | B109: Chocolate dipped Conventional raspberries - white and dark chocolate
A110: 100112 | B110: Arandano Retail GreenFarms 10x1kg | C110: Arándano | D110: S/V | E110: Conv. | F110: S/C | G110: IQF A | H110: Retail | I110: 10x1 Kg | J110: Caja | K110: Arándano HB Conv. PPT | L110: AR HB Conv.
A111: 100113 | B111: Frambuesa entera GreenFarms 10x1kg | C111: frambuesa | D111: S/V | E111: Conv. | F111: S/C | G111: IQF A | H111: Retail | I111: 10x1 Kg | J111: Caja
A112: 100114 | B112: Triple Mix Berries Conv. Alto Trading 1x10 | C112: Triple Berry Mix | D112: S/V | E112: Conv. | F112: S/C | G112: IQF | H112: N/A | I112: 10x1 Kg | J112: Caja | L112: Triple Berry Mix.
A113: 100115 | B113: AR Retail Alto Trading 10x1kg | C113: Arándano | D113: S/V | E113: Conv. | F113: S/C | G113: IQF | H113: N/A | I113: 10x1 Kg | J113: Caja | L113: Retail AR Conv.
A114: 100116 | B114: CR S/V Conv. 18 >mm IQF A 1Kg | C114: Cereza | D114: S/V | E114: Conv. | F114: >18mm | G114: IQF A | H114: N/A | I114: 1kg
A115: 100117 | B115: AR RY Org. >12 mm IQF A 10 kg en Caja | C115: Arándano | D115: RY | E115: Org. | F115: >12 mm | G115: IQF A | H115: PTT | I115: 10 kg | J115: Caja | K115: Arándano RY Org. PPT | L115: AR RY Org.
A116: 100118 | B116: MORA S/V Org. S/C IQF A 12 kg en Caja | C116: Mora | D116: S/V | E116: Org. | F116: S/C | G116: IQF A | H116: PPT | I116: 12 kg | J116: Caja | K116: Mora SV Org. PPT | L116: MORA S/V Org.
A117: 100130 | B117: FB S/V Org. IQF A 4x2,5 kg en Caja | C117: Frambuesa | D117: S/V | E117: Org. | F117: S/C | G117: IQF A | H117: PTT | I117: 4x2,5 kg | J117: Caja
A118: 200001 | B118: AR HB Conv. <11 mm IQF A 13,61 kg en Caja | C118: Arándano | D118: HB | E118: Conv. | F118: <11 mm | G118: IQF A | H118: PTT | I118: 13,61 kg | J118: Caja | K118: Arándano HB Conv. PPT | L118: AR HB Conv.
A119: 200002 | B119: AR HB Conv. <11 mm IQF B 13,61 kg en Caja | C119: Arándano | D119: HB | E119: Conv. | F119: <11 mm | G119: IQF B | H119: PSP | I119: 13,61 kg | J119: Caja | K119: Arándano HB Conv. PSP | L119: AR HB Conv.
A120: 200003 | B120: AR HB Conv. <11 mm PSP 13,61 kg en Caja | C120: Arándano | D120: HB | E120: Conv. | F120: <11 mm | G120: PSP | H120: PSP | I120: 13,61 kg | J120: Caja | K120: Arándano HB Conv. PSP | L120: AR HB Conv.
A121: 100122 | B121: CR S/V Conv. 18 >mm IQF B 1Kg | C121: Cereza | D121: S/V | E121: Conv. | F121: S/C | G121: IQF B | H121: PTT | I121: 1KG | J121: Caja
A122: 100156 | B122: Triple Mix Berries Convencional 20x500grs | C122: MIX | D122: S/V | E122: Conv. | F122: S/C | G122: IQF A | H122: Retail | I122: 20x500g | J122: Caja | K122: TRIPLE MIX S/V CONV. PTT | L122: Triple mix
A123: 100157 | B123: Blueberries Convencional 20x500grs | C123: Arándano | D123: S/V | E123: Conv. | F123: S/C | G123: IQF A | H123: Retail | I123: 20x500g | J123: Caja | K123: Arándano Conv. PPT | L123: Retail AR Conv.
A124: 200004 | B124: AR HB Conv. >11 mm PSP 13,61 kg en Caja | C124: Arándano | D124: HB | E124: Conv. | F124: >11 mm | G124: PSP | H124: PSP | I124: 13,61 kg | J124: Caja | K124: Arándano HB Conv. PSP | L124: AR HB Conv.
A125: 200005 | B125: AR RY Conv. <11 mm IQF A 13,61 kg en Caja | C125: Arándano | D125: RY | E125: Conv. | F125: <11 mm | G125: IQF A | H125: PSP | I125: 13,61 kg | J125: Caja | K125: Arándano RY Conv. PSP | L125: AR RY Conv.
A126: 200006 | B126: AR RY Conv. <11 mm IQF B 13,61 kg en Caja | C126: Arándano | D126: RY | E126: Conv. | F126: <11 mm | G126: IQF B | H126: PSP | I126: 13,61 kg | J126: Caja | K126: Arándano RY Conv. PSP | L126: AR RY Conv.
A127: 200007 | B127: AR RY Conv. <11 mm PSP 13,61 kg en Caja | C127: Arándano | D127: RY | E127: Conv. | F127: <11 mm | G127: PSP | H127: PSP | I127: 13,61 kg | J127: Caja | K127: Arándano RY Conv. PSP | L127: AR RY Conv.
A128: 200008 | B128: AR RY Conv. >11 mm PSP 13,61 kg en Caja | C128: Arándano | D128: RY | E128: Conv. | F128: >11 mm | G128: PSP | H128: PSP | I128: 13,61 kg | J128: Caja | K128: Arándano RY Conv. PSP | L128: AR RY Conv.
A129: 200009 | B129: AR HB Org. <11 mm IQF A 13,61 kg en Caja | C129: Arándano | D129: HB | E129: Org. | F129: <11 mm | G129: IQF A | H129: PSP | I129: 13,61 kg | J129: Caja | K129: Arándano HB Org. PSP | L129: AR HB Org.
A130: 200010 | B130: AR HB Org. <11 mm IQF B 13,61 kg en Caja | C130: Arándano | D130: HB | E130: Org. | F130: <11 mm | G130: IQF B | H130: PSP | I130: 13,61 kg | J130: Caja | K130: Arándano HB Org. PSP | L130: AR HB Org.
A131: 200011 | B131: AR HB Org. <11 mm PSP 13,61 kg en Caja | C131: Arándano | D131: HB | E131: Org. | F131: <11 mm | G131: PSP | H131: PSP | I131: 13,61 kg | J131: Caja | K131: Arándano HB Org. PSP | L131: AR HB Org.
A132: 100133 | B132: FB HE CONV. >12mm IQF A 10 kg en Caja | C132: Frambuesa | D132: HE | E132: Conv. | F132: >12 mm | G132: iqF A | H132: PTT | I132: 10 kg | J132: Caja
A133: 200012 | B133: AR HB Org. >12 mm PSP 13,61 kg en Caja | C133: Arándano | D133: HB | E133: Org. | F133: >12 mm | G133: PSP | H133: PSP | I133: 13,61 kg | J133: Caja | K133: Arándano HB Org. PSP | L133: AR HB Org.
A134: 200013 | B134: AR RY Org. <11 mm IQF A 13,61 kg en Caja | C134: Arándano | D134: RY | E134: Org. | F134: <11 mm | G134: IQF A | H134: PSP | I134: 13,61 kg | J134: Caja | K134: Arándano RY Org. PSP | L134: AR RY Org.
A135: 200014 | B135: AR RY Org. <11 mm IQF B 13,61 kg en Caja | C135: Arándano | D135: RY | E135: Org. | F135: <11 mm | G135: IQF B | H135: PSP | I135: 13,61 kg | J135: Caja | K135: Arándano RY Org. PSP | L135: AR RY Org.
A136: 200015 | B136: AR RY Org. <12 mm PSP 13,61 kg en Caja | C136: Arándano | D136: RY | E136: Org. | F136: <12 mm | G136: PSP | H136: PSP | I136: 13,61 kg | J136: Caja | K136: Arándano RY Org. PSP | L136: AR RY Org.
A137: 200016 | B137: AR RY Org. >11 mm PSP 13,61 kg en Caja | C137: Arándano | D137: RY | E137: Org. | F137: >11 mm | G137: PSP | H137: PSP | I137: 13,61 kg | J137: Caja | K137: Arándano RY Org. PSP | L137: AR RY Org.
A138: 200017 | B138: FB MK Conv. S/C PSP 10 kg en Caja | C138: Frambuesa | D138: MK | E138: Conv. | F138: S/C | G138: PSP | H138: PSP | I138: 10 kg | J138: Caja | K138: Frambuesa MK Conv. PSP | L138: FB MK Conv.
A139: 200018 | B139: FB MK Org. S/C PSP 10 kg en Caja | C139: Frambuesa | D139: MK | E139: Org. | F139: S/C | G139: PSP | H139: PSP | I139: 10 kg | J139: Caja | K139: Frambuesa MK Org. PSP | L139: FB MK Conv.
A140: 200019 | B140: FB WF Conv. S/C PSP 10 kg en Caja | C140: Frambuesa | D140: WF | E140: Conv. | F140: S/C | G140: PSP | H140: PSP | I140: 10 kg | J140: Caja | K140: Frambuesa WF Conv. PSP | L140: FB WF Conv.
A141: 200020 | B141: FB WF Org. S/C PSP 10 kg en Caja | C141: Frambuesa | D141: WF | E141: Org. | F141: S/C | G141: PSP | H141: PSP | I141: 10 kg | J141: Caja | K141: Frambuesa WF Org. PSP | L141: FB WF Org.
A142: 200021 | B142: FB HE Conv. S/C PSP 10 kg en Caja | C142: Frambuesa | D142: HE | E142: Conv. | F142: S/C | G142: PSP | H142: PSP | I142: 10 kg | J142: Caja | K142: Frambuesa HE Conv .PSP | L142: FB HE Conv.
A143: 200022 | B143: FB HE Org. S/C PSP 10 kg en Caja | C143: Frambuesa | D143: HE | E143: Org. | F143: S/C | G143: PSP | H143: PSP | I143: 10 kg | J143: Caja | K143: Frambuesa HE Org.PSP | L143: FB HE Org.
A144: 200023 | B144: FB MK Conv. S/C IQF A 10 kg en Caja | C144: Frambuesa | D144: MK | E144: Conv. | F144: S/C | G144: IQF A | H144: PSP | I144: 10 kg | J144: Caja | K144: Frambuesa MK Conv. PPT | L144: FB MK Conv.
... A202: 200082 | B202: MORA S/V Conv. S/C PSP 12 Kg en Caja | C202: Mora | D202: S/V | E202: Conv. | F202: S/C | G202: PSP | H202: PSP | I202: 12 kg | J202: Caja | K202: Mora SV Conv. PSP | L202: MORA S/V Conv.
A203: 200083 | B203: FB HE Org. >12 mm IQF A 4x2,5 kg en Caja
A204: 300001 | B204: AR S/V Conv. S/C Block 13,61 kg en Caja | C204: Arándano | D204: S/V | E204: Conv. | F204: S/C | G204: Block | H204: Subproducto | I204: 13,61 kg | J204: Caja | K204: Arándano HB Conv. PSP | L204: AR HB Conv.
A205: 300002 | B205: AR S/V Conv. S/C Block Bins en Bins | C205: Arándano | D205: S/V | E205: Conv. | F205: S/C | G205: Block | H205: Subproducto | I205: Bins | J205: Bins | K205: Arándano HB Conv. PSP | L205: AR HB Conv.
A206: 300003 | B206: AR S/V Org. S/C Block 13,61 kg en Caja | C206: Arándano | D206: S/V | E206: Org. | F206: S/C | G206: Block | H206: Subproducto | I206: 13,61 kg | J206: Caja | K206: Arándano HB Org. PSP | L206: AR HB Org.
A207: 300004 | B207: AR S/V Org. S/C Block Bins en Bins | C207: Arándano | D207: S/V | E207: Org. | F207: S/C | G207: Block | H207: Subproducto | I207: Bins | J207: Bins | K207: Arándano HB Org. PSP | L207: AR HB Org.
A208: 300005 | B208: FB S/V Conv. S/C Crumble 10 kg en Caja | C208: Frambuesa | D208: S/V | E208: Conv. | F208: S/C | G208: Crumble | H208: Subproducto | I208: 10 kg | J208: Caja | K208: Frambuesa MK Conv. PSP | L208: FB MK Conv.
A209: 300006 | B209: FB S/V Conv. S/C Block 10 kg en Caja | C209: Frambuesa | D209: S/V | E209: Conv. | F209: S/C | G209: Block | H209: Subproducto | I209: 10 kg | J209: Caja | K209: Frambuesa MK Conv. PSP | L209: FB MK Conv.
A210: 300007 | B210: FB S/V Conv. S/C Block Bins en Bins | C210: Frambuesa | D210: S/V | E210: Conv. | F210: S/C | G210: Block | H210: Subproducto | I210: Bins | J210: Bins | K210: Arándano HB Conv. PSP | L210: AR HB Conv.
A211: 300008 | B211: FB S/V Org. S/C Crumble 10 kg en Caja | C211: Frambuesa | D211: S/V | E211: Org. | F211: S/C | G211: Crumble | H211: Subproducto | I211: 10 kg | J211: Caja | K211: Frambuesa S/V Org. PSP | L211: FB WF Org.
A212: 300009 | B212: FB S/V Org. S/C Block 10 kg en Caja | C212: Frambuesa | D212: S/V | E212: Org. | F212: S/C | G212: Block | H212: Subproducto | I212: 10 kg | J212: Caja | K212: Frambuesa S/V Org. PSP | L212: FB WF Org.
A213: 300010 | B213: FB S/V Org. S/C Block Bins en Bins | C213: Frambuesa | D213: S/V | E213: Org. | F213: S/C | G213: Block | H213: Subproducto | I213: Bins | J213: Bins | K213: Frambuesa S/V Org. PSP | L213: FB MK Org.
A214: 300011 | B214: MORA S/V Conv. S/C Block 10 kg en Caja | C214: Mora | D214: S/V | E214: Conv. | F214: S/C | G214: Block | H214: Subproducto | I214: 10 kg | J214: Caja | K214: Mora SV Conv. PSP | L214: MORA S/V Conv.
A215: 300012 | B215: AR S/V N/A S/C Jugo Bins en Bins | C215: Arándano | D215: S/V | E215: N/A | F215: S/C | G215: Jugo | H215: Subproducto | I215: Bins | J215: Bins | K215: Arándano HB Conv. PSP | L215: AR HB Conv.
... A277: 400029 | B277: MORA S/V Conv. IQF en Bandeja | C277: Mora | D277: S/V | E277: Conv. | F277: S/C | G277: IQF | H277: MP | I277: Bandeja | J277: Bandeja | K277: Mora SV Conv. Kg S/P | L277: MORA S/V Conv.
A278: 400030 | B278: Merma Lavado AR Organico | L278: Merma
A279: 400031 | B279: Merma Lavado AR Convencional | L279: Merma
A280: 400032 | B280: Merma Congelado AR Organico | L280: Merma
A281: 400033 | B281: Merma Congelado AR Convencional | L281: Merma
A282: 400034 | B282: Merma Congelado FB Organica | L282: Merma
A283: 400035 | B283: Merma Congelado FB Convencional | L283: Merma
A284: 400036 | B284: Merma Vaciado AR Organico | L284: Merma
A285: 400037 | B285: Merma Vaciado AR Convencional | L285: Merma
A286: 400038 | B286: Merma Vaciado FB Organica | L286: Merma
A287: 400039 | B287: Merma Vaciado FB Convencional | L287: Merma
A288: 400040 | B288: Merma Retail AR Organico | L288: Merma
A289: 400041 | B289: Merma Retail AR Convencional | L289: Merma
... A291: 400043 | B291: Merma Retail FB Convencional | L291: Merma
A292: 400044 | B292: FB WH Conv. IQF en Bandeja | C292: Frambuesa | D292: WH | E292: Conv. | F292: S/C | G292: IQF | H292: MP | I292: Bandeja | J292: Bandeja | K292: Frambuesa WH Conv. S/P | L292: FB WH Conv.
A293: 400046 | B293: Merma Vaciado Mora Conv | L293: Merma
A294: 400047 | B294: Merma Vaciado Mora ORG | L294: Merma
A295: 400048 | B295: Merma Retail Mix Berries | L295: Merma
A296: 400055 | B296: FB WH Org. IQF en Bandeja | C296: Frambuesa | D296: WH | E296: Org. | F296: S/C | G296: IQF | H296: MP | I296: Bandeja | J296: Bandeja | K296: Frambuesa WH Org. S/P | L296: FB WH Org.
...

Sheet Base de Datos (R.F.)
A1: Fecha | B1: Semana | C1: Turno | D1: Sala | E1: Código | F1: Descripción del Producto | G1: Familia Calidad | H1: N° Pallet | I1: N° Lote | J1: Muestra | K1: Hora Monitoreo | L1: Peso Bolsa | M1: Peso Caja P.T. | N1: T° Prod. | O1: Sellado Bolsa | P1: Sellado Caja | Q1: % de IQF | R1: Desviación de Color | S1: % Desv. Color (≤5%) | T1: Sobremaduro | U1: % Sobremaduro (≤6%) | V1: Daño Mécanico | W1: % Daño Mécanico (≤6%) | X1: Daño Insecto | Y1: % Daño Insc. (≤5%) | Z1: Block | AA1: % Block (≤5%) | AB1: Mohos | AC1: % Mohos (0%) | AD1: Caliz (Und.) (≤2) | AE1: Larvas (Und.) | AF1: Descripción extra 1 | AG1: Valor Extra 1 | AH1: % Extra 1 | AI1: Descripción Extra 2 | AJ1: Valor Extra 2 | AK1: % Extra 2 | AL1: Calibre >16 | AM1: % >16 | AN1: Calibre <16 | AO1: % <16 | AP1: Palos (Un.) (≤18) | AQ1: Caliz (Un.) (≤18) | AR1: Hojas (Un.) (≤18) | AS1: Larvas (Un.) (≤24) | AT1: Vidrio (Un.) (0) | AU1: Madera (Un.) (0) | AV1: Plástico (Un.) (0) | AW1: °Brix (≥8°) | AX1: Sabor | AY1: Olor | AZ1: Suma Defectos | BA1: % Defectos | BB1: Observaciones | BC1: % IQF | BD1: Nombre del/la Análista | BE1: Mat. Extr. Endo. | BF1: Mat. Extr. Exo. | BG1: Filtro Producto | BH1: Filtro Lote | BI1: Filtro Pallet
A2: 46037 | B2: =_xlfn.ISOWEEKNUM(BD_MR_RF[[#This Row],[Fecha]]) -> 3 | C2: 1 | D2: 3 | E2: 304231000 | F2: =IFERROR("" & _xlfn.XLOOKUP(BD_MR_RF[[#This Row],[Código]],BD_Cod!A:A,BD_Cod!B:B), "") -> MO S/V Org. S/C PSP 12 kg en Caja | G2: =IFERROR(" " &_xlfn.XLOOKUP(BD_MR_RF[[#This Row],[Código]],BD_Cod!A:A,BD_Cod!H:H," ")," ") -> PSP | H2: 21219 | I2: 7830 | J2: 1000 | K2: 08:40 | L2: N/A | M2: 12555 | N2: -12.6 | O2: C | P2: C | Q2: =1-BD_MR_RF[[#This Row],[% Defectos]] -> 0.877 | R2: 64 | S2: =+IFERROR((BD_MR_RF[[#This Row],[Desviación de Color]]/BD_MR_RF[[#This Row],[Muestra]]),"0") -> 0.064 | T2: 0 | U2: =+IFERROR((BD_MR_RF[[#This Row],[Sobremaduro]]/BD_MR_RF[[#This Row],[Muestra]]),"0") -> 0 | V2: 0 | W2: =+IFERROR((BD_MR_RF[[#This Row],[Daño Mécanico]]/BD_MR_RF[[#This Row],[Muestra]]),"0") -> 0 | X2: 53 | Y2: =+IFERROR((BD_MR_RF[[#This Row],[Daño Insecto]]/BD_MR_RF[[#This Row],[Muestra]]),"0") -> 0.053 | Z2: 0 | AA2: =+IFERROR((BD_MR_RF[[#This Row],[Block]]/BD_MR_RF[[#This Row],[Muestra]]),"0") -> 0 | AB2: 6 | AC2: =+IFERROR((BD_MR_RF[[#This Row],[Mohos]]/BD_MR_RF[[#This Row],[Muestra]]),"0") -> 0.006 | AD2: 0 | AE2: 0 | AF2: Mat.Extraña (unid) | AG2: 40 | AJ2: 0 | AK2: =+IFERROR((BD_MR_RF[[#This Row],[Valor Extra 2]]/BD_MR_RF[[#This Row],[Muestra]]),"0") -> 0 | AL2: 0 | AM2: =+IFERROR((BD_MR_RF[[#This Row],[Calibre >16]]/BD_MR_RF[[#This Row],[Muestra]]),"0") -> 0 | AN2: 0 | AO2: =+IFERROR((BD_MR_RF[[#This Row],[Calibre <16]]/BD_MR_RF[[#This Row],[Muestra]]),"0") -> 0 | AP2: S/A | AQ2: S/A | AR2: S/A | AS2: S/A | AT2: S/A | AU2: S/A | AV2: S/A | AW2: 13.7 | AX2: C | AY2: C | AZ2: =SUM(BD_MR_RF[[#This Row],[Desviación de Color]]+BD_MR_RF[[#This Row],[Sobremaduro]]+BD_MR_RF[[#This Row],[Daño Mécanico]]+BD_MR_RF[[#This Row],[Daño Insecto]]+BD_MR_RF[[#This Row],[Block]]+BD_MR_RF[[#This Row],[Mohos]]) -> 123 | BA2: =SUM(BD_MR_RF[[#This Row],[% Desv. Color (≤5%)]]+BD_MR_RF[[#This Row],[% Sobremaduro (≤6%)]]+BD_MR_RF[[#This Row],[% Daño Mécanico (≤6%)]]+BD_MR_RF[[#This Row],[% Daño Insc. (≤5%)]]+BD_MR_RF[[#This Row],[% Block (≤5%)]]+BD_MR_RF[[#This Row],[% Mohos (0%)]]) -> 0.123 | BB2: S/O | BC2: =1-BD_MR_RF[[#This Row],[% Defectos]] -> 0.877 | BD2: Benjamin Navarro | BE2: =SUM(BD_MR_RF[[#This Row],[Palos (Un.) (≤18)]:[Larvas (Un.) (≤24)]]) -> 0 | BF2: =SUM(BD_MR_RF[[#This Row],[Vidrio (Un.) (0)]:[Plástico (Un.) (0)]]) -> 0 | BG2: =IF(ISBLANK(BD_MR_RF[[#This Row],[Descripción del Producto]]),"",BD_MR_RF[[#This Row],[Descripción del Producto]]) -> MO S/V Org. S/C PSP 12 kg en Caja | BH2: =IF(ISBLANK(BD_MR_RF[[#This Row],[N° Lote]]),"",BD_MR_RF[[#This Row],[N° Lote]]) -> 7830 | BI2: =IF(ISBLANK(BD_MR_RF[[#This Row],[N° Pallet]]),"",BD_MR_RF[[#This Row],[N° Pallet]]) -> 21219
A3: 46037 | B3: =_xlfn.ISOWEEKNUM(BD_MR_RF[[#This Row],[Fecha]]) -> 3 | C3: 1 | D3: 3 | E3: 304231000 | F3: =IFERROR("" & _xlfn.XLOOKUP(BD_MR_RF[[#This Row],[Código]],BD_Cod!A:A,BD_Cod!B:B), "") -> MO S/V Org. S/C PSP 12 kg en Caja | G3: =IFERROR(" " &_xlfn.XLOOKUP(BD_MR_RF[[#This Row],[Código]],BD_Cod!A:A,BD_Cod!H:H," ")," ") -> PSP | H3: 21219 | I3: 7830 | J3: 1000 | K3: 0.37361111 | L3: N/A | M3: 12575 | N3: -9.6 | O3: C | P3: C | Q3: =1-BD_MR_RF[[#This Row],[% Defectos]] -> 0.894 | R3: 44 | S3: =+IFERROR((BD_MR_RF[[#This Row],[Desviación de Color]]/BD_MR_RF[[#This Row],[Muestra]]),"0") -> 0.044 | T3: 0 | U3: =+IFERROR((BD_MR_RF[[#This Row],[Sobremaduro]]/BD_MR_RF[[#This Row],[Muestra]]),"0") -> 0 | V3: 0 | W3: =+IFERROR((BD_MR_RF[[#This Row],[Daño Mécanico]]/BD_MR_RF[[#This Row],[Muestra]]),"0") -> 0 | X3: 30 | Y3: =+IFERROR((BD_MR_RF[[#This Row],[Daño Insecto]]/BD_MR_RF[[#This Row],[Muestra]]),"0") -> 0.03 | Z3: 32 | AA3: =+IFERROR((BD_MR_RF[[#This Row],[Block]]/BD_MR_RF[[#This Row],[Muestra]]),"0") -> 0.032 | AB3: 0 | AC3: =+IFERROR((BD_MR_RF[[#This Row],[Mohos]]/BD_MR_RF[[#This Row],[Muestra]]),"0") -> 0 | AD3: 1 | AE3: 0 | AG3: 0 | AH3: =+IFERROR((BD_MR_RF[[#This Row],[Valor Extra 1]]/BD_MR_RF[[#This Row],[Muestra]]),"0") -> 0 | AJ3: 0 | AK3: =+IFERROR((BD_MR_RF[[#This Row],[Valor Extra 2]]/BD_MR_RF[[#This Row],[Muestra]]),"0") -> 0 | AL3: 0 | AM3: =+IFERROR((BD_MR_RF[[#This Row],[Calibre >16]]/BD_MR_RF[[#This Row],[Muestra]]),"0") -> 0 | AN3: 0 | AO3: =+IFERROR((BD_MR_RF[[#This Row],[Calibre <16]]/BD_MR_RF[[#This Row],[Muestra]]),"0") -> 0 | AP3: S/A | AQ3: S/A | AR3: S/A | AS3: S/A | AT3: S/A | AU3: S/A | AV3: S/A | AW3: 12.2 | AX3: C | AY3: C | AZ3: =SUM(BD_MR_RF[[#This Row],[Desviación de Color]]+BD_MR_RF[[#This Row],[Sobremaduro]]+BD_MR_RF[[#This Row],[Daño Mécanico]]+BD_MR_RF[[#This Row],[Daño Insecto]]+BD_MR_RF[[#This Row],[Block]]+BD_MR_RF[[#This Row],[Mohos]]) -> 106 | BA3: =SUM(BD_MR_RF[[#This Row],[% Desv. Color (≤5%)]]+BD_MR_RF[[#This Row],[% Sobremaduro (≤6%)]]+BD_MR_RF[[#This Row],[% Daño Mécanico (≤6%)]]+BD_MR_RF[[#This Row],[% Daño Insc. (≤5%)]]+BD_MR_RF[[#This Row],[% Block (≤5%)]]+BD_MR_RF[[#This Row],[% Mohos (0%)]]) -> 0.106 | BB3: S/O | BC3: =1-BD_MR_RF[[#This Row],[% Defectos]] -> 0.894 | BD3: Benjamin Navarro | BE3: =SUM(BD_MR_RF[[#This Row],[Palos (Un.) (≤18)]:[Larvas (Un.) (≤24)]]) -> 0 | BF3: =SUM(BD_MR_RF[[#This Row],[Vidrio (Un.) (0)]:[Plástico (Un.) (0)]]) -> 0 | BG3: =IF(ISBLANK(BD_MR_RF[[#This Row],[Descripción del Producto]]),"",BD_MR_RF[[#This Row],[Descripción del Producto]]) -> MO S/V Org. S/C PSP 12 kg en Caja | BH3: =IF(ISBLANK(BD_MR_RF[[#This Row],[N° Lote]]),"",BD_MR_RF[[#This Row],[N° Lote]]) -> 7830 | BI3: =IF(ISBLANK(BD_MR_RF[[#This Row],[N° Pallet]]),"",BD_MR_RF[[#This Row],[N° Pallet]]) -> 21219
A4: 46037 | B4: =_xlfn.ISOWEEKNUM(BD_MR_RF[[#This Row],[Fecha]]) -> 3 | C4: 1 | D4: 3 | E4: 304231000 | F4: =IFERROR("" & _xlfn.XLOOKUP(BD_MR_RF[[#This Row],[Código]],BD_Cod!A:A,BD_Cod!B:B), "") -> MO S/V Org. S/C PSP 12 kg en Caja | G4: =IFERROR(" " &_xlfn.XLOOKUP(BD_MR_RF[[#This Row],[Código]],BD_Cod!A:A,BD_Cod!H:H," ")," ") -> PSP | H4: 21220 | I4: 7830 | J4: 1000 | K4: 0.37708333 | L4: N/A | M4: 12560 | N4: -6.9 | O4: C | P4: C | Q4: =1-BD_MR_RF[[#This Row],[% Defectos]] -> 0.699 | R4: 78 | S4: =+IFERROR((BD_MR_RF[[#This Row],[Desviación de Color]]/BD_MR_RF[[#This Row],[Muestra]]),"0") -> 0.078 | T4: 0 | U4: =+IFERROR((BD_MR_RF[[#This Row],[Sobremaduro]]/BD_MR_RF[[#This Row],[Muestra]]),"0") -> 0 | V4: 22 | W4: =+IFERROR((BD_MR_RF[[#This Row],[Daño Mécanico]]/BD_MR_RF[[#This Row],[Muestra]]),"0") -> 0.022 | X4: 63 | Y4: =+IFERROR((BD_MR_RF[[#This Row],[Daño Insecto]]/BD_MR_RF[[#This Row],[Muestra]]),"0") -> 0.063 | Z4: 133 | AA4: =+IFERROR((BD_MR_RF[[#This Row],[Block]]/BD_MR_RF[[#This Row],[Muestra]]),"0") -> 0.133 | AB4: 5 | AC4: =+IFERROR((BD_MR_RF[[#This Row],[Mohos]]/BD_MR_RF[[#This Row],[Muestra]]),"0") -> 0.005 | AD4: 4 | AE4: 0 | AF4: aplastado | AG4: 5 | AH4: =+IFERROR((BD_MR_RF[[#This Row],[Valor Extra 1]]/BD_MR_RF[[#This Row],[Muestra]]),"0") -> 0.005 | AJ4: 0 | AK4: =+IFERROR((BD_MR_RF[[#This Row],[Valor Extra 2]]/BD_MR_RF[[#This Row],[Muestra]]),"0") -> 0 | AL4: 0 | AM4: =+IFERROR((BD_MR_RF[[#This Row],[Calibre >16]]/BD_MR_RF[[#This Row],[Muestra]]),"0") -> 0 | AN4: 0 | AO4: =+IFERROR((BD_MR_RF[[#This Row],[Calibre <16]]/BD_MR_RF[[#This Row],[Muestra]]),"0") -> 0 | AP4: S/A | AQ4: S/A | AR4: S/A | AS4: S/A | AT4: S/A | AU4: S/A | AV4: S/A | AW4: 11.4 | AX4: C | AY4: C | AZ4: =SUM(BD_MR_RF[[#This Row],[Desviación de Color]]+BD_MR_RF[[#This Row],[Sobremaduro]]+BD_MR_RF[[#This Row],[Daño Mécanico]]+BD_MR_RF[[#This Row],[Daño Insecto]]+BD_MR_RF[[#This Row],[Block]]+BD_MR_RF[[#This Row],[Mohos]]) -> 301 | BA4: =SUM(BD_MR_RF[[#This Row],[% Desv. Color (≤5%)]]+BD_MR_RF[[#This Row],[% Sobremaduro (≤6%)]]+BD_MR_RF[[#This Row],[% Daño Mécanico (≤6%)]]+BD_MR_RF[[#This Row],[% Daño Insc. (≤5%)]]+BD_MR_RF[[#This Row],[% Block (≤5%)]]+BD_MR_RF[[#This Row],[% Mohos (0%)]]) -> 0.301 | BB4: S/O | BC4: =1-BD_MR_RF[[#This Row],[% Defectos]] -> 0.699 | BD4: Benjamin Navarro | BE4: =SUM(BD_MR_RF[[#This Row],[Palos (Un.) (≤18)]:[Larvas (Un.) (≤24)]]) -> 0 | BF4: =SUM(BD_MR_RF[[#This Row],[Vidrio (Un.) (0)]:[Plástico (Un.) (0)]]) -> 0 | BG4: =IF(ISBLANK(BD_MR_RF[[#This Row],[Descripción del Producto]]),"",BD_MR_RF[[#This Row],[Descripción del Producto]]) -> MO S/V Org. S/C PSP 12 kg en Caja | BH4: =IF(ISBLANK(BD_MR_RF[[#This Row],[N° Lote]]),"",BD_MR_RF[[#This Row],[N° Lote]]) -> 7830 | BI4: =IF(ISBLANK(BD_MR_RF[[#This Row],[N° Pallet]]),"",BD_MR_RF[[#This Row],[N° Pallet]]) -> 21220
A5: 46037 | B5: =_xlfn.ISOWEEKNUM(BD_MR_RF[[#This Row],[Fecha]]) -> 3 | C5: 1 | D5: 3 | E5: 304231000 | F5: =IFERROR("" & _xlfn.XLOOKUP(BD_MR_RF[[#This Row],[Código]],BD_Cod!A:A,BD_Cod!B:B), "") -> MO S/V Org. S/C PSP 12 kg en Caja | G5: =IFERROR(" " &_xlfn.XLOOKUP(BD_MR_RF[[#This Row],[Código]],BD_Cod!A:A,BD_Cod!H:H," ")," ") -> PSP | H5: 21221 | I5: 7830 | J5: 1000 | K5: 0.39027778 | L5: N/A | M5: 12555 | N5: -14.2 | O5: C | P5: C | Q5: =1-BD_MR_RF[[#This Row],[% Defectos]] -> 0.861 | R5: 19 | S5: =+IFERROR((BD_MR_RF[[#This Row],[Desviación de Color]]/BD_MR_RF[[#This Row],[Muestra]]),"0") -> 0.019 | T5: 0 | U5: =+IFERROR((BD_MR_RF[[#This Row],[Sobremaduro]]/BD_MR_RF[[#This Row],[Muestra]]),"0") -> 0 | V5: 18 | W5: =+IFERROR((BD_MR_RF[[#This Row],[Daño Mécanico]]/BD_MR_RF[[#This Row],[Muestra]]),"0") -> 0.018 | X5: 70 | Y5: =+IFERROR((BD_MR_RF[[#This Row],[Daño Insecto]]/BD_MR_RF[[#This Row],[Muestra]]),"0") -> 0.07 | Z5: 32 | AA5: =+IFERROR((BD_MR_RF[[#This Row],[Block]]/BD_MR_RF[[#This Row],[Muestra]]),"0") -> 0.032 | AB5: 0 | AC5: =+IFERROR((BD_MR_RF[[#This Row],[Mohos]]/BD_MR_RF[[#This Row],[Muestra]]),"0") -> 0 | AD5: 1 | AE5: 0 | AF5: golpe de sol | AG5: 8 | AH5: =+IFERROR((BD_MR_RF[[#This Row],[Valor Extra 1]]/BD_MR_RF[[#This Row],[Muestra]]),"0") -> 0.008 | AJ5: 0 | AK5: =+IFERROR((BD_MR_RF[[#This Row],[Valor Extra 2]]/BD_MR_RF[[#This Row],[Muestra]]),"0") -> 0 | AL5: 0 | AM5: =+IFERROR((BD_MR_RF[[#This Row],[Calibre >16]]/BD_MR_RF[[#This Row],[Muestra]]),"0") -> 0 | AN5: 0 | AO5: =+IFERROR((BD_MR_RF[[#This Row],[Calibre <16]]/BD_MR_RF[[#This Row],[Muestra]]),"0") -> 0 | AP5: S/A | AQ5: S/A | AR5: S/A | AS5: S/A | AT5: S/A | AU5: S/A | AV5: S/A | AW5: 14.8 | AX5: C | AY5: C | AZ5: =SUM(BD_MR_RF[[#This Row],[Desviación de Color]]+BD_MR_RF[[#This Row],[Sobremaduro]]+BD_MR_RF[[#This Row],[Daño Mécanico]]+BD_MR_RF[[#This Row],[Daño Insecto]]+BD_MR_RF[[#This Row],[Block]]+BD_MR_RF[[#This Row],[Mohos]]) -> 139 | BA5: =SUM(BD_MR_RF[[#This Row],[% Desv. Color (≤5%)]]+BD_MR_RF[[#This Row],[% Sobremaduro (≤6%)]]+BD_MR_RF[[#This Row],[% Daño Mécanico (≤6%)]]+BD_MR_RF[[#This Row],[% Daño Insc. (≤5%)]]+BD_MR_RF[[#This Row],[% Block (≤5%)]]+BD_MR_RF[[#This Row],[% Mohos (0%)]]) -> 0.139 | BB5: S/O | BC5: =1-BD_MR_RF[[#This Row],[% Defectos]] -> 0.861 | BD5: Benjamin Navarro | BE5: =SUM(BD_MR_RF[[#This Row],[Palos (Un.) (≤18)]:[Larvas (Un.) (≤24)]]) -> 0 | BF5: =SUM(BD_MR_RF[[#This Row],[Vidrio (Un.) (0)]:[Plástico (Un.) (0)]]) -> 0 | BG5: =IF(ISBLANK(BD_MR_RF[[#This Row],[Descripción del Producto]]),"",BD_MR_RF[[#This Row],[Descripción del Producto]]) -> MO S/V Org. S/C PSP 12 kg en Caja | BH5: =IF(ISBLANK(BD_MR_RF[[#This Row],[N° Lote]]),"",BD_MR_RF[[#This Row],[N° Lote]]) -> 7830 | BI5: =IF(ISBLANK(BD_MR_RF[[#This Row],[N° Pallet]]),"",BD_MR_RF[[#This Row],[N° Pallet]]) -> 21221
A6: 46037 | B6: =_xlfn.ISOWEEKNUM(BD_MR_RF[[#This Row],[Fecha]]) -> 3 | C6: 1 | D6: 3 | E6: 304231000 | F6: =IFERROR("" & _xlfn.XLOOKUP(BD_MR_RF[[#This Row],[Código]],BD_Cod!A:A,BD_Cod!B:B), "") -> MO S/V Org. S/C PSP 12 kg en Caja | G6: =IFERROR(" " &_xlfn.XLOOKUP(BD_MR_RF[[#This Row],[Código]],BD_Cod!A:A,BD_Cod!H:H," ")," ") -> PSP | H6: 21221 | I6: 7830 | J6: 1000 | K6: 0.39375 | L6: N/A | M6: 12550 | N6: -10.1 | O6: C | P6: C | Q6: =1-BD_MR_RF[[#This Row],[% Defectos]] -> 0.902 | R6: 23 | S6: =+IFERROR((BD_MR_RF[[#This Row],[Desviación de Color]]/BD_MR_RF[[#This Row],[Muestra]]),"0") -> 0.023 | T6: 0 | U6: =+IFERROR((BD_MR_RF[[#This Row],[Sobremaduro]]/BD_MR_RF[[#This Row],[Muestra]]),"0") -> 0 | V6: 4 | W6: =+IFERROR((BD_MR_RF[[#This Row],[Daño Mécanico]]/BD_MR_RF[[#This Row],[Muestra]]),"0") -> 0.004 | X6: 26 | Y6: =+IFERROR((BD_MR_RF[[#This Row],[Daño Insecto]]/BD_MR_RF[[#This Row],[Muestra]]),"0") -> 0.026 | Z6: 0 | AA6: =+IFERROR((BD_MR_RF[[#This Row],[Block]]/BD_MR_RF[[#This Row],[Muestra]]),"0") -> 0 | AB6: 45 | AC6: =+IFERROR((BD_MR_RF[[#This Row],[Mohos]]/BD_MR_RF[[#This Row],[Muestra]]),"0") -> 0.045 | AD6: 5 | AE6: 0 | AF6: aplastado | AG6: 5 | AH6: =+IFERROR((BD_MR_RF[[#This Row],[Valor Extra 1]]/BD_MR_RF[[#This Row],[Muestra]]),"0") -> 0.005 | AJ6: 0 | AK6: =+IFERROR((BD_MR_RF[[#This Row],[Valor Extra 2]]/BD_MR_RF[[#This Row],[Muestra]]),"0") -> 0 | AL6: 0 | AM6: =+IFERROR((BD_MR_RF[[#This Row],[Calibre >16]]/BD_MR_RF[[#This Row],[Muestra]]),"0") -> 0 | AN6: 0 | AO6: =+IFERROR((BD_MR_RF[[#This Row],[Calibre <16]]/BD_MR_RF[[#This Row],[Muestra]]),"0") -> 0 | AP6: S/A | AQ6: S/A | AR6: S/A | AS6: S/A | AT6: S/A | AU6: S/A | AV6: S/A | AW6: 13.6 | AX6: C | AY6: C | AZ6: =SUM(BD_MR_RF[[#This Row],[Desviación de Color]]+BD_MR_RF[[#This Row],[Sobremaduro]]+BD_MR_RF[[#This Row],[Daño Mécanico]]+BD_MR_RF[[#This Row],[Daño Insecto]]+BD_MR_RF[[#This Row],[Block]]+BD_MR_RF[[#This Row],[Mohos]]) -> 98 | BA6: =SUM(BD_MR_RF[[#This Row],[% Desv. Color (≤5%)]]+BD_MR_RF[[#This Row],[% Sobremaduro (≤6%)]]+BD_MR_RF[[#This Row],[% Daño Mécanico (≤6%)]]+BD_MR_RF[[#This Row],[% Daño Insc. (≤5%)]]+BD_MR_RF[[#This Row],[% Block (≤5%)]]+BD_MR_RF[[#This Row],[% Mohos (0%)]]) -> 0.098 | BB6: S/O | BC6: =1-BD_MR_RF[[#This Row],[% Defectos]] -> 0.902 | BD6: Benjamin Navarro | BE6: =SUM(BD_MR_RF[[#This Row],[Palos (Un.) (≤18)]:[Larvas (Un.) (≤24)]]) -> 0 | BF6: =SUM(BD_MR_RF[[#This Row],[Vidrio (Un.) (0)]:[Plástico (Un.) (0)]]) -> 0 | BG6: =IF(ISBLANK(BD_MR_RF[[#This Row],[Descripción del Producto]]),"",BD_MR_RF[[#This Row],[Descripción del Producto]]) -> MO S/V Org. S/C PSP 12 kg en Caja | BH6: =IF(ISBLANK(BD_MR_RF[[#This Row],[N° Lote]]),"",BD_MR_RF[[#This Row],[N° Lote]]) -> 7830 | BI6: =IF(ISBLANK(BD_MR_RF[[#This Row],[N° Pallet]]),"",BD_MR_RF[[#This Row],[N° Pallet]]) -> 21221
A7: 46037 | B7: =_xlfn.ISOWEEKNUM(BD_MR_RF[[#This Row],[Fecha]]) -> 3 | C7: 1 | D7: 3 | E7: 304231000 | F7: =IFERROR("" & _xlfn.XLOOKUP(BD_MR_RF[[#This Row],[Código]],BD_Cod!A:A,BD_Cod!B:B), "") -> MO S/V Org. S/C PSP 12 kg en Caja | G7: =IFERROR(" " &_xlfn.XLOOKUP(BD_MR_RF[[#This Row],[Código]],BD_Cod!A:A,BD_Cod!H:H," ")," ") -> PSP | H7: 21222 | I7: 7830 | J7: 1000 | K7: 0.4 | L7: N/A | M7: 12555 | N7: -12.1 | O7: C | P7: C | Q7: =1-BD_MR_RF[[#This Row],[% Defectos]] -> 0.827 | R7: 32 | S7: =+IFERROR((BD_MR_RF[[#This Row],[Desviación de Color]]/BD_MR_RF[[#This Row],[Muestra]]),"0") -> 0.032 | T7: 0 | U7: =+IFERROR((BD_MR_RF[[#This Row],[Sobremaduro]]/BD_MR_RF[[#This Row],[Muestra]]),"0") -> 0 | V7: 9 | W7: =+IFERROR((BD_MR_RF[[#This Row],[Daño Mécanico]]/BD_MR_RF[[#This Row],[Muestra]]),"0") -> 0.009 | X7: 98 | Y7: =+IFERROR((BD_MR_RF[[#This Row],[Daño Insecto]]/BD_MR_RF[[#This Row],[Muestra]]),"0") -> 0.098 | Z7: 34 | AA7: =+IFERROR((BD_MR_RF[[#This Row],[Block]]/BD_MR_RF[[#This Row],[Muestra]]),"0") -> 0.034 | AB7: 0 | AC7: =+IFERROR((BD_MR_RF[[#This Row],[Mohos]]/BD_MR_RF[[#This Row],[Muestra]]),"0") -> 0 | AD7: 1 | AE7: 0 | AG7: 0 | AH7: =+IFERROR((BD_MR_RF[[#This Row],[Valor Extra 1]]/BD_MR_RF[[#This Row],[Muestra]]),"0") -> 0 | AJ7: 0 | AK7: =+IFERROR((BD_MR_RF[[#This Row],[Valor Extra 2]]/BD_MR_RF[[#This Row],[Muestra]]),"0") -> 0 | AL7: 0 | AM7: =+IFERROR((BD_MR_RF[[#This Row],[Calibre >16]]/BD_MR_RF[[#This Row],[Muestra]]),"0") -> 0 | AN7: 0 | AO7: =+IFERROR((BD_MR_RF[[#This Row],[Calibre <16]]/BD_MR_RF[[#This Row],[Muestra]]),"0") -> 0 | AP7: S/A | AQ7: S/A | AR7: S/A | AS7: S/A | AT7: S/A | AU7: S/A | AV7: S/A | AW7: 13.5 | AX7: C | AY7: C | AZ7: =SUM(BD_MR_RF[[#This Row],[Desviación de Color]]+BD_MR_RF[[#This Row],[Sobremaduro]]+BD_MR_RF[[#This Row],[Daño Mécanico]]+BD_MR_RF[[#This Row],[Daño Insecto]]+BD_MR_RF[[#This Row],[Block]]+BD_MR_RF[[#This Row],[Mohos]]) -> 173 | BA7: =SUM(BD_MR_RF[[#This Row],[% Desv. Color (≤5%)]]+BD_MR_RF[[#This Row],[% Sobremaduro (≤6%)]]+BD_MR_RF[[#This Row],[% Daño Mécanico (≤6%)]]+BD_MR_RF[[#This Row],[% Daño Insc. (≤5%)]]+BD_MR_RF[[#This Row],[% Block (≤5%)]]+BD_MR_RF[[#This Row],[% Mohos (0%)]]) -> 0.173 | BB7: S/O | BC7: =1-BD_MR_RF[[#This Row],[% Defectos]] -> 0.827 | BD7: Fernanda Delgado | BE7: =SUM(BD_MR_RF[[#This Row],[Palos (Un.) (≤18)]:[Larvas (Un.) (≤24)]]) -> 0 | BF7: =SUM(BD_MR_RF[[#This Row],[Vidrio (Un.) (0)]:[Plástico (Un.) (0)]]) -> 0 | BG7: =IF(ISBLANK(BD_MR_RF[[#This Row],[Descripción del Producto]]),"",BD_MR_RF[[#This Row],[Descripción del Producto]]) -> MO S/V Org. S/C PSP 12 kg en Caja | BH7: =IF(ISBLANK(BD_MR_RF[[#This Row],[N° Lote]]),"",BD_MR_RF[[#This Row],[N° Lote]]) -> 7830 | BI7: =IF(ISBLANK(BD_MR_RF[[#This Row],[N° Pallet]]),"",BD_MR_RF[[#This Row],[N° Pallet]]) -> 21222
A8: 46037 | B8: =_xlfn.ISOWEEKNUM(BD_MR_RF[[#This Row],[Fecha]]) -> 3 | C8: 1 | D8: 3 | E8: 304231000 | F8: =IFERROR("" & _xlfn.XLOOKUP(BD_MR_RF[[#This Row],[Código]],BD_Cod!A:A,BD_Cod!B:B), "") -> MO S/V Org. S/C PSP 12 kg en Caja | G8: =IFERROR(" " &_xlfn.XLOOKUP(BD_MR_RF[[#This Row],[Código]],BD_Cod!A:A,BD_Cod!H:H," ")," ") -> PSP | H8: 21222 | I8: 7830 | J8: 1000 | K8: 0.40833333 | L8: N/A | M8: 12565 | N8: -11.6 | O8: C | P8: C | Q8: =1-BD_MR_RF[[#This Row],[% Defectos]] -> 0.913 | R8: 84 | S8: =+IFERROR((BD_MR_RF[[#This Row],[Desviación de Color]]/BD_MR_RF[[#This Row],[Muestra]]),"0") -> 0.084 | T8: 0 | U8: =+IFERROR((BD_MR_RF[[#This Row],[Sobremaduro]]/BD_MR_RF[[#This Row],[Muestra]]),"0") -> 0 | V8: 0 | W8: =+IFERROR((BD_MR_RF[[#This Row],[Daño Mécanico]]/BD_MR_RF[[#This Row],[Muestra]]),"0") -> 0 | X8: 3 | Y8: =+IFERROR((BD_MR_RF[[#This Row],[Daño Insecto]]/BD_MR_RF[[#This Row],[Muestra]]),"0") -> 0.003 | Z8: 0 | AA8: =+IFERROR((BD_MR_RF[[#This Row],[Block]]/BD_MR_RF[[#This Row],[Muestra]]),"0") -> 0 | AB8: 0 | AC8: =+IFERROR((BD_MR_RF[[#This Row],[Mohos]]/BD_MR_RF[[#This Row],[Muestra]]),"0") -> 0 | AD8: 2 | AE8: 0 | AF8: aplastado | AG8: 15 | AH8: =+IFERROR((BD_MR_RF[[#This Row],[Valor Extra 1]]/BD_MR_RF[[#This Row],[Muestra]]),"0") -> 0.015 | AJ8: 0 | AK8: =+IFERROR((BD_MR_RF[[#This Row],[Valor Extra 2]]/BD_MR_RF[[#This Row],[Muestra]]),"0") -> 0 | AL8: 0 | AM8: =+IFERROR((BD_MR_RF[[#This Row],[Calibre >16]]/BD_MR_RF[[#This Row],[Muestra]]),"0") -> 0 | AN8: 0 | AO8: =+IFERROR((BD_MR_RF[[#This Row],[Calibre <16]]/BD_MR_RF[[#This Row],[Muestra]]),"0") -> 0 | AP8: S/A | AQ8: S/A | AR8: S/A | AS8: S/A | AT8: S/A | AU8: S/A | AV8: S/A | AW8: 13.8 | AX8: C | AY8: C | AZ8: =SUM(BD_MR_RF[[#This Row],[Desviación de Color]]+BD_MR_RF[[#This Row],[Sobremaduro]]+BD_MR_RF[[#This Row],[Daño Mécanico]]+BD_MR_RF[[#This Row],[Daño Insecto]]+BD_MR_RF[[#This Row],[Block]]+BD_MR_RF[[#This Row],[Mohos]]) -> 87 | BA8: =SUM(BD_MR_RF[[#This Row],[% Desv. Color (≤5%)]]+BD_MR_RF[[#This Row],[% Sobremaduro (≤6%)]]+BD_MR_RF[[#This Row],[% Daño Mécanico (≤6%)]]+BD_MR_RF[[#This Row],[% Daño Insc. (≤5%)]]+BD_MR_RF[[#This Row],[% Block (≤5%)]]+BD_MR_RF[[#This Row],[% Mohos (0%)]]) -> 0.087 | BB8: S/O | BC8: =1-BD_MR_RF[[#This Row],[% Defectos]] -> 0.913 | BD8: Fernanda Delgado | BE8: =SUM(BD_MR_RF[[#This Row],[Palos (Un.) (≤18)]:[Larvas (Un.) (≤24)]]) -> 0 | BF8: =SUM(BD_MR_RF[[#This Row],[Vidrio (Un.) (0)]:[Plástico (Un.) (0)]]) -> 0 | BG8: =IF(ISBLANK(BD_MR_RF[[#This Row],[Descripción del Producto]]),"",BD_MR_RF[[#This Row],[Descripción del Producto]]) -> MO S/V Org. S/C PSP 12 kg en Caja | BH8: =IF(ISBLANK(BD_MR_RF[[#This Row],[N° Lote]]),"",BD_MR_RF[[#This Row],[N° Lote]]) -> 7830 | BI8: =IF(ISBLANK(BD_MR_RF[[#This Row],[N° Pallet]]),"",BD_MR_RF[[#This Row],[N° Pallet]]) -> 21222
A9: 46037 | B9: =_xlfn.ISOWEEKNUM(BD_MR_RF[[#This Row],[Fecha]]) -> 3 | C9: 1 | D9: 3 | E9: 304231000 | F9: =IFERROR("" & _xlfn.XLOOKUP(BD_MR_RF[[#This Row],[Código]],BD_Cod!A:A,BD_Cod!B:B), "") -> MO S/V Org. S/C PSP 12 kg en Caja | G9: =IFERROR(" " &_xlfn.XLOOKUP(BD_MR_RF[[#This Row],[Código]],BD_Cod!A:A,BD_Cod!H:H," ")," ") -> PSP | H9: 21223 | I9: 7830 | J9: 1000 | K9: 0.42291667 | L9: N/A | M9: 12515 | N9: -10.8 | O9: C | P9: C | Q9: =1-BD_MR_RF[[#This Row],[% Defectos]] -> 0.913 | R9: 34 | S9: =+IFERROR((BD_MR_RF[[#This Row],[Desviación de Color]]/BD_MR_RF[[#This Row],[Muestra]]),"0") -> 0.034 | T9: 0 | U9: =+IFERROR((BD_MR_RF[[#This Row],[Sobremaduro]]/BD_MR_RF[[#This Row],[Muestra]]),"0") -> 0 | V9: 0 | W9: =+IFERROR((BD_MR_RF[[#This Row],[Daño Mécanico]]/BD_MR_RF[[#This Row],[Muestra]]),"0") -> 0 | X9: 49 | Y9: =+IFERROR((BD_MR_RF[[#This Row],[Daño Insecto]]/BD_MR_RF[[#This Row],[Muestra]]),"0") -> 0.049 | Z9: 0 | AA9: =+IFERROR((BD_MR_RF[[#This Row],[Block]]/BD_MR_RF[[#This Row],[Muestra]]),"0") -> 0 | AB9: 4 | AC9: =+IFERROR((BD_MR_RF[[#This Row],[Mohos]]/BD_MR_RF[[#This Row],[Muestra]]),"0") -> 0.004 | AD9: 6 | AE9: 0 | AG9: 0 | AH9: =+IFERROR((BD_MR_RF[[#This Row],[Valor Extra 1]]/BD_MR_RF[[#This Row],[Muestra]]),"0") -> 0 | AJ9: 0 | AK9: =+IFERROR((BD_MR_RF[[#This Row],[Valor Extra 2]]/BD_MR_RF[[#This Row],[Muestra]]),"0") -> 0 | AL9: 0 | AM9: =+IFERROR((BD_MR_RF[[#This Row],[Calibre >16]]/BD_MR_RF[[#This Row],[Muestra]]),"0") -> 0 | AN9: 0 | AO9: =+IFERROR((BD_MR_RF[[#This Row],[Calibre <16]]/BD_MR_RF[[#This Row],[Muestra]]),"0") -> 0 | AP9: S/A | AQ9: S/A | AR9: S/A | AS9: S/A | AT9: S/A | AU9: S/A | AV9: S/A | AW9: 14.8 | AX9: C | AY9: C | AZ9: =SUM(BD_MR_RF[[#This Row],[Desviación de Color]]+BD_MR_RF[[#This Row],[Sobremaduro]]+BD_MR_RF[[#This Row],[Daño Mécanico]]+BD_MR_RF[[#This Row],[Daño Insecto]]+BD_MR_RF[[#This Row],[Block]]+BD_MR_RF[[#This Row],[Mohos]]) -> 87 | BA9: =SUM(BD_MR_RF[[#This Row],[% Desv. Color (≤5%)]]+BD_MR_RF[[#This Row],[% Sobremaduro (≤6%)]]+BD_MR_RF[[#This Row],[% Daño Mécanico (≤6%)]]+BD_MR_RF[[#This Row],[% Daño Insc. (≤5%)]]+BD_MR_RF[[#This Row],[% Block (≤5%)]]+BD_MR_RF[[#This Row],[% Mohos (0%)]]) -> 0.087 | BB9: S/O | BC9: =1-BD_MR_RF[[#This Row],[% Defectos]] -> 0.913 | BD9: Fernanda Delgado | BE9: =SUM(BD_MR_RF[[#This Row],[Palos (Un.) (≤18)]:[Larvas (Un.) (≤24)]]) -> 0 | BF9: =SUM(BD_MR_RF[[#This Row],[Vidrio (Un.) (0)]:[Plástico (Un.) (0)]]) -> 0 | BG9: =IF(ISBLANK(BD_MR_RF[[#This Row],[Descripción del Producto]]),"",BD_MR_RF[[#This Row],[Descripción del Producto]]) -> MO S/V Org. S/C PSP 12 kg en Caja | BH9: =IF(ISBLANK(BD_MR_RF[[#This Row],[N° Lote]]),"",BD_MR_RF[[#This Row],[N° Lote]]) -> 7830 | BI9: =IF(ISBLANK(BD_MR_RF[[#This Row],[N° Pallet]]),"",BD_MR_RF[[#This Row],[N° Pallet]]) -> 21223
A10: 46037 | B10: =_xlfn.ISOWEEKNUM(BD_MR_RF[[#This Row],[Fecha]]) -> 3 | C10: 1 | D10: 3 | E10: 304231000 | F10: =IFERROR("" & _xlfn.XLOOKUP(BD_MR_RF[[#This Row],[Código]],BD_Cod!A:A,BD_Cod!B:B), "") -> MO S/V Org. S/C PSP 12 kg en Caja | G10: =IFERROR(" " &_xlfn.XLOOKUP(BD_MR_RF[[#This Row],[Código]],BD_Cod!A:A,BD_Cod!H:H," ")," ") -> PSP | H10: 21250 | I10: 7830 | J10: 1000 | K10: 0.43680556 | L10: N/A | M10: 12565 | N10: -11.6 | O10: C | P10: C | Q10: =1-BD_MR_RF[[#This Row],[% Defectos]] -> 0.933 | R10: 33 | S10: =+IFERROR((BD_MR_RF[[#This Row],[Desviación de Color]]/BD_MR_RF[[#This Row],[Muestra]]),"0") -> 0.033 | T10: 0 | U10: =+IFERROR((BD_MR_RF[[#This Row],[Sobremaduro]]/BD_MR_RF[[#This Row],[Muestra]]),"0") -> 0 | V10: 0 | W10: =+IFERROR((BD_MR_RF[[#This Row],[Daño Mécanico]]/BD_MR_RF[[#This Row],[Muestra]]),"0") -> 0 | X10: 34 | Y10: =+IFERROR((BD_MR_RF[[#This Row],[Daño Insecto]]/BD_MR_RF[[#This Row],[Muestra]]),"0") -> 0.034 | Z10: 0 | AA10: =+IFERROR((BD_MR_RF[[#This Row],[Block]]/BD_MR_RF[[#This Row],[Muestra]]),"0") -> 0 | AB10: 0 | AC10: =+IFERROR((BD_MR_RF[[#This Row],[Mohos]]/BD_MR_RF[[#This Row],[Muestra]]),"0") -> 0 | AD10: 0 | AE10: 0 | AG10: 0 | AH10: =+IFERROR((BD_MR_RF[[#This Row],[Valor Extra 1]]/BD_MR_RF[[#This Row],[Muestra]]),"0") -> 0 | AJ10: 0 | AK10: =+IFERROR((BD_MR_RF[[#This Row],[Valor Extra 2]]/BD_MR_RF[[#This Row],[Muestra]]),"0") -> 0 | AL10: 0 | AM10: =+IFERROR((BD_MR_RF[[#This Row],[Calibre >16]]/BD_MR_RF[[#This Row],[Muestra]]),"0") -> 0 | AN10: 0 | AO10: =+IFERROR((BD_MR_RF[[#This Row],[Calibre <16]]/BD_MR_RF[[#This Row],[Muestra]]),"0") -> 0 | AP10: S/A | AQ10: S/A | AR10: S/A | AS10: S/A | AT10: S/A | AU10: S/A | AV10: S/A | AW10: 16.1 | AX10: C | AY10: C | AZ10: =SUM(BD_MR_RF[[#This Row],[Desviación de Color]]+BD_MR_RF[[#This Row],[Sobremaduro]]+BD_MR_RF[[#This Row],[Daño Mécanico]]+BD_MR_RF[[#This Row],[Daño Insecto]]+BD_MR_RF[[#This Row],[Block]]+BD_MR_RF[[#This Row],[Mohos]]) -> 67 | BA10: =SUM(BD_MR_RF[[#This Row],[% Desv. Color (≤5%)]]+BD_MR_RF[[#This Row],[% Sobremaduro (≤6%)]]+BD_MR_RF[[#This Row],[% Daño Mécanico (≤6%)]]+BD_MR_RF[[#This Row],[% Daño Insc. (≤5%)]]+BD_MR_RF[[#This Row],[% Block (≤5%)]]+BD_MR_RF[[#This Row],[% Mohos (0%)]]) -> 0.067 | BB10: S/O | BC10: =1-BD_MR_RF[[#This Row],[% Defectos]] -> 0.933 | BD10: Fernanda Delgado | BE10: =SUM(BD_MR_RF[[#This Row],[Palos (Un.) (≤18)]:[Larvas (Un.) (≤24)]]) -> 0 | BF10: =SUM(BD_MR_RF[[#This Row],[Vidrio (Un.) (0)]:[Plástico (Un.) (0)]]) -> 0 | BG10: =IF(ISBLANK(BD_MR_RF[[#This Row],[Descripción del Producto]]),"",BD_MR_RF[[#This Row],[Descripción del Producto]]) -> MO S/V Org. S/C PSP 12 kg en Caja | BH10: =IF(ISBLANK(BD_MR_RF[[#This Row],[N° Lote]]),"",BD_MR_RF[[#This Row],[N° Lote]]) -> 7830 | BI10: =IF(ISBLANK(BD_MR_RF[[#This Row],[N° Pallet]]),"",BD_MR_RF[[#This Row],[N° Pallet]]) -> 21250
A11: 46037 | B11: =_xlfn.ISOWEEKNUM(BD_MR_RF[[#This Row],[Fecha]]) -> 3 | C11: 1 | D11: 3 | E11: 304231000 | F11: =IFERROR("" & _xlfn.XLOOKUP(BD_MR_RF[[#This Row],[Código]],BD_Cod!A:A,BD_Cod!B:B), "") -> MO S/V Org. S/C PSP 12 kg en Caja | G11: =IFERROR(" " &_xlfn.XLOOKUP(BD_MR_RF[[#This Row],[Código]],BD_Cod!A:A,BD_Cod!H:H," ")," ") -> PSP | H11: 21250 | I11: 7830 | J11: 1000 | K11: 0.44027778 | L11: N/A | M11: 12575 | N11: -10.4 | O11: C | P11: C | Q11: =1-BD_MR_RF[[#This Row],[% Defectos]] -> 0.855 | R11: 54 | S11: =+IFERROR((BD_MR_RF[[#This Row],[Desviación de Color]]/BD_MR_RF[[#This Row],[Muestra]]),"0") -> 0.054 | T11: 0 | U11: =+IFERROR((BD_MR_RF[[#This Row],[Sobremaduro]]/BD_MR_RF[[#This Row],[Muestra]]),"0") -> 0 | V11: 0 | W11: =+IFERROR((BD_MR_RF[[#This Row],[Daño Mécanico]]/BD_MR_RF[[#This Row],[Muestra]]),"0") -> 0 | X11: 77 | Y11: =+IFERROR((BD_MR_RF[[#This Row],[Daño Insecto]]/BD_MR_RF[[#This Row],[Muestra]]),"0") -> 0.077 | Z11: 14 | AA11: =+IFERROR((BD_MR_RF[[#This Row],[Block]]/BD_MR_RF[[#This Row],[Muestra]]),"0") -> 0.014 | AB11: 0 | AC11: =+IFERROR((BD_MR_RF[[#This Row],[Mohos]]/BD_MR_RF[[#This Row],[Muestra]]),"0") -> 0 | AD11: 1 | AE11: 0 | AG11: 0 | AH11: =+IFERROR((BD_MR_RF[[#This Row],[Valor Extra 1]]/BD_MR_RF[[#This Row],[Muestra]]),"0") -> 0 | AJ11: 0 | AK11: =+IFERROR((BD_MR_RF[[#This Row],[Valor Extra 2]]/BD_MR_RF[[#This Row],[Muestra]]),"0") -> 0 | AL11: 0 | AM11: =+IFERROR((BD_MR_RF[[#This Row],[Calibre >16]]/BD_MR_RF[[#This Row],[Muestra]]),"0") -> 0 | AN11: 0 | AO11: =+IFERROR((BD_MR_RF[[#This Row],[Calibre <16]]/BD_MR_RF[[#This Row],[Muestra]]),"0") -> 0 | AP11: S/A | AQ11: S/A | AR11: S/A | AS11: S/A | AT11: S/A | AU11: S/A | AV11: S/A | AW11: 13.6 | AX11: C | AY11: C | AZ11: =SUM(BD_MR_RF[[#This Row],[Desviación de Color]]+BD_MR_RF[[#This Row],[Sobremaduro]]+BD_MR_RF[[#This Row],[Daño Mécanico]]+BD_MR_RF[[#This Row],[Daño Insecto]]+BD_MR_RF[[#This Row],[Block]]+BD_MR_RF[[#This Row],[Mohos]]) -> 145 | BA11: =SUM(BD_MR_RF[[#This Row],[% Desv. Color (≤5%)]]+BD_MR_RF[[#This Row],[% Sobremaduro (≤6%)]]+BD_MR_RF[[#This Row],[% Daño Mécanico (≤6%)]]+BD_MR_RF[[#This Row],[% Daño Insc. (≤5%)]]+BD_MR_RF[[#This Row],[% Block (≤5%)]]+BD_MR_RF[[#This Row],[% Mohos (0%)]]) -> 0.145 | BB11: S/O | BC11: =1-BD_MR_RF[[#This Row],[% Defectos]] -> 0.855 | BD11: Fernanda Delgado | BE11: =SUM(BD_MR_RF[[#This Row],[Palos (Un.) (≤18)]:[Larvas (Un.) (≤24)]]) -> 0 | BF11: =SUM(BD_MR_RF[[#This Row],[Vidrio (Un.) (0)]:[Plástico (Un.) (0)]]) -> 0 | BG11: =IF(ISBLANK(BD_MR_RF[[#This Row],[Descripción del Producto]]),"",BD_MR_RF[[#This Row],[Descripción del Producto]]) -> MO S/V Org. S/C PSP 12 kg en Caja | BH11: =IF(ISBLANK(BD_MR_RF[[#This Row],[N° Lote]]),"",BD_MR_RF[[#This Row],[N° Lote]]) -> 7830 | BI11: =IF(ISBLANK(BD_MR_RF[[#This Row],[N° Pallet]]),"",BD_MR_RF[[#This Row],[N° Pallet]]) -> 21250
A12: 46037 | B12: =_xlfn.ISOWEEKNUM(BD_MR_RF[[#This Row],[Fecha]]) -> 3 | C12: 1 | D12: 3 | E12: 304231000 | F12: =IFERROR("" & _xlfn.XLOOKUP(BD_MR_RF[[#This Row],[Código]],BD_Cod!A:A,BD_Cod!B:B), "") -> MO S/V Org. S/C PSP 12 kg en Caja | G12: =IFERROR(" " &_xlfn.XLOOKUP(BD_MR_RF[[#This Row],[Código]],BD_Cod!A:A,BD_Cod!H:H," ")," ") -> PSP | H12: 21251 | I12: 7830 | J12: 1000 | K12: 0.45555556 | L12: N/A | M12: 12560 | N12: -14 | O12: C | P12: C | Q12: =1-BD_MR_RF[[#This Row],[% Defectos]] -> 0.923 | R12: 70 | S12: =+IFERROR((BD_MR_RF[[#This Row],[Desviación de Color]]/BD_MR_RF[[#This Row],[Muestra]]),"0") -> 0.07 | T12: 0 | U12: =+IFERROR((BD_MR_RF[[#This Row],[Sobremaduro]]/BD_MR_RF[[#This Row],[Muestra]]),"0") -> 0 | V12: 0 | W12: =+IFERROR((BD_MR_RF[[#This Row],[Daño Mécanico]]/BD_MR_RF[[#This Row],[Muestra]]),"0") -> 0 | X12: 7 | Y12: =+IFERROR((BD_MR_RF[[#This Row],[Daño Insecto]]/BD_MR_RF[[#This Row],[Muestra]]),"0") -> 0.007 | Z12: 0 | AA12: =+IFERROR((BD_MR_RF[[#This Row],[Block]]/BD_MR_RF[[#This Row],[Muestra]]),"0") -> 0 | AB12: 0 | AC12: =+IFERROR((BD_MR_RF[[#This Row],[Mohos]]/BD_MR_RF[[#This Row],[Muestra]]),"0") -> 0 | AD12: 0 | AE12: 0 | AG12: 0 | AH12: =+IFERROR((BD_MR_RF[[#This Row],[Valor Extra 1]]/BD_MR_RF[[#This Row],[Muestra]]),"0") -> 0 | AJ12: 0 | AK12: =+IFERROR((BD_MR_RF[[#This Row],[Valor Extra 2]]/BD_MR_RF[[#This Row],[Muestra]]),"0") -> 0 | AL12: 0 | AM12: =+IFERROR((BD_MR_RF[[#This Row],[Calibre >16]]/BD_MR_RF[[#This Row],[Muestra]]),"0") -> 0 | AN12: 0 | AO12: =+IFERROR((BD_MR_RF[[#This Row],[Calibre <16]]/BD_MR_RF[[#This Row],[Muestra]]),"0") -> 0 | AP12: S/A | AQ12: S/A | AR12: S/A | AS12: S/A | AT12: S/A | AU12: S/A | AV12: S/A | AW12: 15.4 | AX12: C | AY12: C | AZ12: =SUM(BD_MR_RF[[#This Row],[Desviación de Color]]+BD_MR_RF[[#This Row],[Sobremaduro]]+BD_MR_RF[[#This Row],[Daño Mécanico]]+BD_MR_RF[[#This Row],[Daño Insecto]]+BD_MR_RF[[#This Row],[Block]]+BD_MR_RF[[#This Row],[Mohos]]) -> 77 | BA12: =SUM(BD_MR_RF[[#This Row],[% Desv. Color (≤5%)]]+BD_MR_RF[[#This Row],[% Sobremaduro (≤6%)]]+BD_MR_RF[[#This Row],[% Daño Mécanico (≤6%)]]+BD_MR_RF[[#This Row],[% Daño Insc. (≤5%)]]+BD_MR_RF[[#This Row],[% Block (≤5%)]]+BD_MR_RF[[#This Row],[% Mohos (0%)]]) -> 0.077 | BB12: S/O | BC12: =1-BD_MR_RF[[#This Row],[% Defectos]] -> 0.923 | BD12: Benjamin Navarro | BE12: =SUM(BD_MR_RF[[#This Row],[Palos (Un.) (≤18)]:[Larvas (Un.) (≤24)]]) -> 0 | BF12: =SUM(BD_MR_RF[[#This Row],[Vidrio (Un.) (0)]:[Plástico (Un.) (0)]]) -> 0 | BG12: =IF(ISBLANK(BD_MR_RF[[#This Row],[Descripción del Producto]]),"",BD_MR_RF[[#This Row],[Descripción del Producto]]) -> MO S/V Org. S/C PSP 12 kg en Caja | BH12: =IF(ISBLANK(BD_MR_RF[[#This Row],[N° Lote]]),"",BD_MR_RF[[#This Row],[N° Lote]]) -> 7830 | BI12: =IF(ISBLANK(BD_MR_RF[[#This Row],[N° Pallet]]),"",BD_MR_RF[[#This Row],[N° Pallet]]) -> 21251
A13: 46037 | B13: =_xlfn.ISOWEEKNUM(BD_MR_RF[[#This Row],[Fecha]]) -> 3 | C13: 1 | D13: 3 | E13: 304231000 | F13: =IFERROR("" & _xlfn.XLOOKUP(BD_MR_RF[[#This Row],[Código]],BD_Cod!A:A,BD_Cod!B:B), "") -> MO S/V Org. S/C PSP 12 kg en Caja | G13: =IFERROR(" " &_xlfn.XLOOKUP(BD_MR_RF[[#This Row],[Código]],BD_Cod!A:A,BD_Cod!H:H," ")," ") -> PSP | H13: 21252 | I13: 7830 | J13: 1000 | K13: 0.46736111 | L13: N/A | M13: 12575 | N13: -14 | O13: C | P13: C | Q13: =1-BD_MR_RF[[#This Row],[% Defectos]] -> 0.934 | R13: 6 | S13: =+IFERROR((BD_MR_RF[[#This Row],[Desviación de Color]]/BD_MR_RF[[#This Row],[Muestra]]),"0") -> 0.006 | T13: 0 | U13: =+IFERROR((BD_MR_RF[[#This Row],[Sobremaduro]]/BD_MR_RF[[#This Row],[Muestra]]),"0") -> 0 | V13: 0 | W13: =+IFERROR((BD_MR_RF[[#This Row],[Daño Mécanico]]/BD_MR_RF[[#This Row],[Muestra]]),"0") -> 0 | X13: 60 | Y13: =+IFERROR((BD_MR_RF[[#This Row],[Daño Insecto]]/BD_MR_RF[[#This Row],[Muestra]]),"0") -> 0.06 | Z13: 0 | AA13: =+IFERROR((BD_MR_RF[[#This Row],[Block]]/BD_MR_RF[[#This Row],[Muestra]]),"0") -> 0 | AB13: 0 | AC13: =+IFERROR((BD_MR_RF[[#This Row],[Mohos]]/BD_MR_RF[[#This Row],[Muestra]]),"0") -> 0 | AD13: 2 | AE13: 0 | AF13: Materia Vegetal (unid) | AG13: 1 | AJ13: 0 | AK13: =+IFERROR((BD_MR_RF[[#This Row],[Valor Extra 2]]/BD_MR_RF[[#This Row],[Muestra]]),"0") -> 0 | AL13: 0 | AM13: =+IFERROR((BD_MR_RF[[#This Row],[Calibre >16]]/BD_MR_RF[[#This Row],[Muestra]]),"0") -> 0 | AN13: 0 | AO13: =+IFERROR((BD_MR_RF[[#This Row],[Calibre <16]]/BD_MR_RF[[#This Row],[Muestra]]),"0") -> 0 | AP13: S/A | AQ13: S/A | AR13: S/A | AS13: S/A | AT13: S/A | AU13: S/A | AV13: S/A | AW13: 15.6 | AX13: C | AY13: C | AZ13: =SUM(BD_MR_RF[[#This Row],[Desviación de Color]]+BD_MR_RF[[#This Row],[Sobremaduro]]+BD_MR_RF[[#This Row],[Daño Mécanico]]+BD_MR_RF[[#This Row],[Daño Insecto]]+BD_MR_RF[[#This Row],[Block]]+BD_MR_RF[[#This Row],[Mohos]]) -> 66 | BA13: =SUM(BD_MR_RF[[#This Row],[% Desv. Color (≤5%)]]+BD_MR_RF[[#This Row],[% Sobremaduro (≤6%)]]+BD_MR_RF[[#This Row],[% Daño Mécanico (≤6%)]]+BD_MR_RF[[#This Row],[% Daño Insc. (≤5%)]]+BD_MR_RF[[#This Row],[% Block (≤5%)]]+BD_MR_RF[[#This Row],[% Mohos (0%)]]) -> 0.066 | BB13: S/O | BC13: =1-BD_MR_RF[[#This Row],[% Defectos]] -> 0.934 | BD13: Benjamin Navarro | BE13: =SUM(BD_MR_RF[[#This Row],[Palos (Un.) (≤18)]:[Larvas (Un.) (≤24)]]) -> 0 | BF13: =SUM(BD_MR_RF[[#This Row],[Vidrio (Un.) (0)]:[Plástico (Un.) (0)]]) -> 0 | BG13: =IF(ISBLANK(BD_MR_RF[[#This Row],[Descripción del Producto]]),"",BD_MR_RF[[#This Row],[Descripción del Producto]]) -> MO S/V Org. S/C PSP 12 kg en Caja | BH13: =IF(ISBLANK(BD_MR_RF[[#This Row],[N° Lote]]),"",BD_MR_RF[[#This Row],[N° Lote]]) -> 7830 | BI13: =IF(ISBLANK(BD_MR_RF[[#This Row],[N° Pallet]]),"",BD_MR_RF[[#This Row],[N° Pallet]]) -> 21252
A14: 46037 | B14: =_xlfn.ISOWEEKNUM(BD_MR_RF[[#This Row],[Fecha]]) -> 3 | C14: 1 | D14: 3 | E14: 304231000 | F14: =IFERROR("" & _xlfn.XLOOKUP(BD_MR_RF[[#This Row],[Código]],BD_Cod!A:A,BD_Cod!B:B), "") -> MO S/V Org. S/C PSP 12 kg en Caja | G14: =IFERROR(" " &_xlfn.XLOOKUP(BD_MR_RF[[#This Row],[Código]],BD_Cod!A:A,BD_Cod!H:H," ")," ") -> PSP | H14: 21253 | I14: 7830 | J14: 1000 | K14: 0.47638889 | L14: N/A | M14: 12570 | N14: -14.7 | O14: C | P14: C | Q14: =1-BD_MR_RF[[#This Row],[% Defectos]] -> 0.9 | R14: 12 | S14: =+IFERROR((BD_MR_RF[[#This Row],[Desviación de Color]]/BD_MR_RF[[#This Row],[Muestra]]),"0") -> 0.012 | T14: 0 | U14: =+IFERROR((BD_MR_RF[[#This Row],[Sobremaduro]]/BD_MR_RF[[#This Row],[Muestra]]),"0") -> 0 | V14: 0 | W14: =+IFERROR((BD_MR_RF[[#This Row],[Daño Mécanico]]/BD_MR_RF[[#This Row],[Muestra]]),"0") -> 0 | X14: 88 | Y14: =+IFERROR((BD_MR_RF[[#This Row],[Daño Insecto]]/BD_MR_RF[[#This Row],[Muestra]]),"0") -> 0.088 | Z14: 0 | AA14: =+IFERROR((BD_MR_RF[[#This Row],[Block]]/BD_MR_RF[[#This Row],[Muestra]]),"0") -> 0 | AB14: 0 | AC14: =+IFERROR((BD_MR_RF[[#This Row],[Mohos]]/BD_MR_RF[[#This Row],[Muestra]]),"0") -> 0 | AD14: 3 | AE14: 0 | AF14: Materia Vegetal (unid) | AG14: 1 | AJ14: 0 | AK14: =+IFERROR((BD_MR_RF[[#This Row],[Valor Extra 2]]/BD_MR_RF[[#This Row],[Muestra]]),"0") -> 0 | AL14: 0 | AM14: =+IFERROR((BD_MR_RF[[#This Row],[Calibre >16]]/BD_MR_RF[[#This Row],[Muestra]]),"0") -> 0 | AN14: 0 | AO14: =+IFERROR((BD_MR_RF[[#This Row],[Calibre <16]]/BD_MR_RF[[#This Row],[Muestra]]),"0") -> 0 | AP14: S/A | AQ14: S/A | AR14: S/A | AS14: S/A | AT14: S/A | AU14: S/A | AV14: S/A | AW14: 13.7 | AX14: C | AY14: C | AZ14: =SUM(BD_MR_RF[[#This Row],[Desviación de Color]]+BD_MR_RF[[#This Row],[Sobremaduro]]+BD_MR_RF[[#This Row],[Daño Mécanico]]+BD_MR_RF[[#This Row],[Daño Insecto]]+BD_MR_RF[[#This Row],[Block]]+BD_MR_RF[[#This Row],[Mohos]]) -> 100 | BA14: =SUM(BD_MR_RF[[#This Row],[% Desv. Color (≤5%)]]+BD_MR_RF[[#This Row],[% Sobremaduro (≤6%)]]+BD_MR_RF[[#This Row],[% Daño Mécanico (≤6%)]]+BD_MR_RF[[#This Row],[% Daño Insc. (≤5%)]]+BD_MR_RF[[#This Row],[% Block (≤5%)]]+BD_MR_RF[[#This Row],[% Mohos (0%)]]) -> 0.1 | BB14: S/O | BC14: =1-BD_MR_RF[[#This Row],[% Defectos]] -> 0.9 | BD14: Benjamin Navarro | BE14: =SUM(BD_MR_RF[[#This Row],[Palos (Un.) (≤18)]:[Larvas (Un.) (≤24)]]) -> 0 | BF14: =SUM(BD_MR_RF[[#This Row],[Vidrio (Un.) (0)]:[Plástico (Un.) (0)]]) -> 0 | BG14: =IF(ISBLANK(BD_MR_RF[[#This Row],[Descripción del Producto]]),"",BD_MR_RF[[#This Row],[Descripción del Producto]]) -> MO S/V Org. S/C PSP 12 kg en Caja | BH14: =IF(ISBLANK(BD_MR_RF[[#This Row],[N° Lote]]),"",BD_MR_RF[[#This Row],[N° Lote]]) -> 7830 | BI14: =IF(ISBLANK(BD_MR_RF[[#This Row],[N° Pallet]]),"",BD_MR_RF[[#This Row],[N° Pallet]]) -> 21253
A15: 46037 | B15: =_xlfn.ISOWEEKNUM(BD_MR_RF[[#This Row],[Fecha]]) -> 3 | C15: 1 | D15: 3 | E15: 304231000 | F15: =IFERROR("" & _xlfn.XLOOKUP(BD_MR_RF[[#This Row],[Código]],BD_Cod!A:A,BD_Cod!B:B), "") -> MO S/V Org. S/C PSP 12 kg en Caja | G15: =IFERROR(" " &_xlfn.XLOOKUP(BD_MR_RF[[#This Row],[Código]],BD_Cod!A:A,BD_Cod!H:H," ")," ") -> PSP | H15: 21254 | I15: 7830 | J15: 1000 | K15: 0.49166667 | L15: N/A | M15: 12560 | N15: -12.2 | O15: C | P15: C | Q15: =1-BD_MR_RF[[#This Row],[% Defectos]] -> 0.883 | R15: 26 | S15: =+IFERROR((BD_MR_RF[[#This Row],[Desviación de Color]]/BD_MR_RF[[#This Row],[Muestra]]),"0") -> 0.026 | T15: 0 | U15: =+IFERROR((BD_MR_RF[[#This Row],[Sobremaduro]]/BD_MR_RF[[#This Row],[Muestra]]),"0") -> 0 | V15: 0 | W15: =+IFERROR((BD_MR_RF[[#This Row],[Daño Mécanico]]/BD_MR_RF[[#This Row],[Muestra]]),"0") -> 0 | X15: 62 | Y15: =+IFERROR((BD_MR_RF[[#This Row],[Daño Insecto]]/BD_MR_RF[[#This Row],[Muestra]]),"0") -> 0.062 | Z15: 23 | AA15: =+IFERROR((BD_MR_RF[[#This Row],[Block]]/BD_MR_RF[[#This Row],[Muestra]]),"0") -> 0.023 | AB15: 6 | AC15: =+IFERROR((BD_MR_RF[[#This Row],[Mohos]]/BD_MR_RF[[#This Row],[Muestra]]),"0") -> 0.006 | AD15: 0 | AE15: 0 | AG15: 0 | AH15: =+IFERROR((BD_MR_RF[[#This Row],[Valor Extra 1]]/BD_MR_RF[[#This Row],[Muestra]]),"0") -> 0 | AJ15: 0 | AK15: =+IFERROR((BD_MR_RF[[#This Row],[Valor Extra 2]]/BD_MR_RF[[#This Row],[Muestra]]),"0") -> 0 | AL15: 0 | AM15: =+IFERROR((BD_MR_RF[[#This Row],[Calibre >16]]/BD_MR_RF[[#This Row],[Muestra]]),"0") -> 0 | AN15: 0 | AO15: =+IFERROR((BD_MR_RF[[#This Row],[Calibre <16]]/BD_MR_RF[[#This Row],[Muestra]]),"0") -> 0 | AP15: S/A | AQ15: S/A | AR15: S/A | AS15: S/A | AT15: S/A | AU15: S/A | AV15: S/A | AW15: 15.6 | AX15: C | AY15: C | AZ15: =SUM(BD_MR_RF[[#This Row],[Desviación de Color]]+BD_MR_RF[[#This Row],[Sobremaduro]]+BD_MR_RF[[#This Row],[Daño Mécanico]]+BD_MR_RF[[#This Row],[Daño Insecto]]+BD_MR_RF[[#This Row],[Block]]+BD_MR_RF[[#This Row],[Mohos]]) -> 117 | BA15: =SUM(BD_MR_RF[[#This Row],[% Desv. Color (≤5%)]]+BD_MR_RF[[#This Row],[% Sobremaduro (≤6%)]]+BD_MR_RF[[#This Row],[% Daño Mécanico (≤6%)]]+BD_MR_RF[[#This Row],[% Daño Insc. (≤5%)]]+BD_MR_RF[[#This Row],[% Block (≤5%)]]+BD_MR_RF[[#This Row],[% Mohos (0%)]]) -> 0.117 | BB15: S/O | BC15: =1-BD_MR_RF[[#This Row],[% Defectos]] -> 0.883 | BD15: Benjamin Navarro | BE15: =SUM(BD_MR_RF[[#This Row],[Palos (Un.) (≤18)]:[Larvas (Un.) (≤24)]]) -> 0 | BF15: =SUM(BD_MR_RF[[#This Row],[Vidrio (Un.) (0)]:[Plástico (Un.) (0)]]) -> 0 | BG15: =IF(ISBLANK(BD_MR_RF[[#This Row],[Descripción del Producto]]),"",BD_MR_RF[[#This Row],[Descripción del Producto]]) -> MO S/V Org. S/C PSP 12 kg en Caja | BH15: =IF(ISBLANK(BD_MR_RF[[#This Row],[N° Lote]]),"",BD_MR_RF[[#This Row],[N° Lote]]) -> 7830 | BI15: =IF(ISBLANK(BD_MR_RF[[#This Row],[N° Pallet]]),"",BD_MR_RF[[#This Row],[N° Pallet]]) -> 21254
A16: 46037 | B16: =_xlfn.ISOWEEKNUM(BD_MR_RF[[#This Row],[Fecha]]) -> 3 | C16: 1 | D16: 3 | E16: 304231000 | F16: =IFERROR("" & _xlfn.XLOOKUP(BD_MR_RF[[#This Row],[Código]],BD_Cod!A:A,BD_Cod!B:B), "") -> MO S/V Org. S/C PSP 12 kg en Caja | G16: =IFERROR(" " &_xlfn.XLOOKUP(BD_MR_RF[[#This Row],[Código]],BD_Cod!A:A,BD_Cod!H:H," ")," ") -> PSP | H16: 21255 | I16: 7830 | J16: 1000 | K16: 0.54027778 | L16: N/A | M16: 12595 | N16: -15.5 | O16: C | P16: C | Q16: =1-BD_MR_RF[[#This Row],[% Defectos]] -> 0.831 | R16: 26 | S16: =+IFERROR((BD_MR_RF[[#This Row],[Desviación de Color]]/BD_MR_RF[[#This Row],[Muestra]]),"0") -> 0.026 | T16: 0 | U16: =+IFERROR((BD_MR_RF[[#This Row],[Sobremaduro]]/BD_MR_RF[[#This Row],[Muestra]]),"0") -> 0 | V16: 0 | W16: =+IFERROR((BD_MR_RF[[#This Row],[Daño Mécanico]]/BD_MR_RF[[#This Row],[Muestra]]),"0") -> 0 | X16: 143 | Y16: =+IFERROR((BD_MR_RF[[#This Row],[Daño Insecto]]/BD_MR_RF[[#This Row],[Muestra]]),"0") -> 0.143 | Z16: 0 | AA16: =+IFERROR((BD_MR_RF[[#This Row],[Block]]/BD_MR_RF[[#This Row],[Muestra]]),"0") -> 0 | AB16: 0 | AC16: =+IFERROR((BD_MR_RF[[#This Row],[Mohos]]/BD_MR_RF[[#This Row],[Muestra]]),"0") -> 0 | AD16: 0 | AE16: 0 | AG16: 0 | AH16: =+IFERROR((BD_MR_RF[[#This Row],[Valor Extra 1]]/BD_MR_RF[[#This Row],[Muestra]]),"0") -> 0 | AJ16: 0 | AK16: =+IFERROR((BD_MR_RF[[#This Row],[Valor Extra 2]]/BD_MR_RF[[#This Row],[Muestra]]),"0") -> 0 | AL16: 0 | AM16: =+IFERROR((BD_MR_RF[[#This Row],[Calibre >16]]/BD_MR_RF[[#This Row],[Muestra]]),"0") -> 0 | AN16: 0 | AO16: =+IFERROR((BD_MR_RF[[#This Row],[Calibre <16]]/BD_MR_RF[[#This Row],[Muestra]]),"0") -> 0 | AP16: S/A | AQ16: S/A | AR16: S/A | AS16: S/A | AT16: S/A | AU16: S/A | AV16: S/A | AW16: 13.5 | AX16: C | AY16: C | AZ16: =SUM(BD_MR_RF[[#This Row],[Desviación de Color]]+BD_MR_RF[[#This Row],[Sobremaduro]]+BD_MR_RF[[#This Row],[Daño Mécanico]]+BD_MR_RF[[#This Row],[Daño Insecto]]+BD_MR_RF[[#This Row],[Block]]+BD_MR_RF[[#This Row],[Mohos]]) -> 169 | BA16: =SUM(BD_MR_RF[[#This Row],[% Desv. Color (≤5%)]]+BD_MR_RF[[#This Row],[% Sobremaduro (≤6%)]]+BD_MR_RF[[#This Row],[% Daño Mécanico (≤6%)]]+BD_MR_RF[[#This Row],[% Daño Insc. (≤5%)]]+BD_MR_RF[[#This Row],[% Block (≤5%)]]+BD_MR_RF[[#This Row],[% Mohos (0%)]]) -> 0.169 | BB16: S/O | BC16: =1-BD_MR_RF[[#This Row],[% Defectos]] -> 0.831 | BD16: Benjamin Navarro | BE16: =SUM(BD_MR_RF[[#This Row],[Palos (Un.) (≤18)]:[Larvas (Un.) (≤24)]]) -> 0 | BF16: =SUM(BD_MR_RF[[#This Row],[Vidrio (Un.) (0)]:[Plástico (Un.) (0)]]) -> 0 | BG16: =IF(ISBLANK(BD_MR_RF[[#This Row],[Descripción del Producto]]),"",BD_MR_RF[[#This Row],[Descripción del Producto]]) -> MO S/V Org. S/C PSP 12 kg en Caja | BH16: =IF(ISBLANK(BD_MR_RF[[#This Row],[N° Lote]]),"",BD_MR_RF[[#This Row],[N° Lote]]) -> 7830 | BI16: =IF(ISBLANK(BD_MR_RF[[#This Row],[N° Pallet]]),"",BD_MR_RF[[#This Row],[N° Pallet]]) -> 21255
A17: 46037 | B17: =_xlfn.ISOWEEKNUM(BD_MR_RF[[#This Row],[Fecha]]) -> 3 | C17: 1 | D17: 3 | E17: 304231000 | F17: =IFERROR("" & _xlfn.XLOOKUP(BD_MR_RF[[#This Row],[Código]],BD_Cod!A:A,BD_Cod!B:B), "") -> MO S/V Org. S/C PSP 12 kg en Caja | G17: =IFERROR(" " &_xlfn.XLOOKUP(BD_MR_RF[[#This Row],[Código]],BD_Cod!A:A,BD_Cod!H:H," ")," ") -> PSP | H17: 21519 | I17: 7830 | J17: 1000 | K17: 0.58611111 | L17: N/A | M17: 12550 | N17: -12 | O17: C | P17: C | Q17: =1-BD_MR_RF[[#This Row],[% Defectos]] -> 0.866 | R17: 4 | S17: =+IFERROR((BD_MR_RF[[#This Row],[Desviación de Color]]/BD_MR_RF[[#This Row],[Muestra]]),"0") -> 0.004 | T17: 0 | U17: =+IFERROR((BD_MR_RF[[#This Row],[Sobremaduro]]/BD_MR_RF[[#This Row],[Muestra]]),"0") -> 0 | V17: 9 | W17: =+IFERROR((BD_MR_RF[[#This Row],[Daño Mécanico]]/BD_MR_RF[[#This Row],[Muestra]]),"0") -> 0.009 | X17: 121 | Y17: =+IFERROR((BD_MR_RF[[#This Row],[Daño Insecto]]/BD_MR_RF[[#This Row],[Muestra]]),"0") -> 0.121 | Z17: 0 | AA17: =+IFERROR((BD_MR_RF[[#This Row],[Block]]/BD_MR_RF[[#This Row],[Muestra]]),"0") -> 0 | AB17: 0 | AC17: =+IFERROR((BD_MR_RF[[#This Row],[Mohos]]/BD_MR_RF[[#This Row],[Muestra]]),"0") -> 0 | AD17: 0 | AE17: 0 | AF17: deshidratado | AG17: 2 | AH17: =+IFERROR((BD_MR_RF[[#This Row],[Valor Extra 1]]/BD_MR_RF[[#This Row],[Muestra]]),"0") -> 0.002 | AJ17: 0 | AK17: =+IFERROR((BD_MR_RF[[#This Row],[Valor Extra 2]]/BD_MR_RF[[#This Row],[Muestra]]),"0") -> 0 | AL17: 0 | AM17: =+IFERROR((BD_MR_RF[[#This Row],[Calibre >16]]/BD_MR_RF[[#This Row],[Muestra]]),"0") -> 0 | AN17: 0 | AO17: =+IFERROR((BD_MR_RF[[#This Row],[Calibre <16]]/BD_MR_RF[[#This Row],[Muestra]]),"0") -> 0 | AP17: S/A | AQ17: S/A | AR17: S/A | AS17: S/A | AT17: S/A | AU17: S/A | AV17: S/A | AW17: 12.2 | AX17: C | AY17: C | AZ17: =SUM(BD_MR_RF[[#This Row],[Desviación de Color]]+BD_MR_RF[[#This Row],[Sobremaduro]]+BD_MR_RF[[#This Row],[Daño Mécanico]]+BD_MR_RF[[#This Row],[Daño Insecto]]+BD_MR_RF[[#This Row],[Block]]+BD_MR_RF[[#This Row],[Mohos]]) -> 134 | BA17: =SUM(BD_MR_RF[[#This Row],[% Desv. Color (≤5%)]]+BD_MR_RF[[#This Row],[% Sobremaduro (≤6%)]]+BD_MR_RF[[#This Row],[% Daño Mécanico (≤6%)]]+BD_MR_RF[[#This Row],[% Daño Insc. (≤5%)]]+BD_MR_RF[[#This Row],[% Block (≤5%)]]+BD_MR_RF[[#This Row],[% Mohos (0%)]]) -> 0.134 | BB17: S/O | BC17: =1-BD_MR_RF[[#This Row],[% Defectos]] -> 0.866 | BD17: Fernanda Delgado | BE17: =SUM(BD_MR_RF[[#This Row],[Palos (Un.) (≤18)]:[Larvas (Un.) (≤24)]]) -> 0 | BF17: =SUM(BD_MR_RF[[#This Row],[Vidrio (Un.) (0)]:[Plástico (Un.) (0)]]) -> 0 | BG17: =IF(ISBLANK(BD_MR_RF[[#This Row],[Descripción del Producto]]),"",BD_MR_RF[[#This Row],[Descripción del Producto]]) -> MO S/V Org. S/C PSP 12 kg en Caja | BH17: =IF(ISBLANK(BD_MR_RF[[#This Row],[N° Lote]]),"",BD_MR_RF[[#This Row],[N° Lote]]) -> 7830 | BI17: =IF(ISBLANK(BD_MR_RF[[#This Row],[N° Pallet]]),"",BD_MR_RF[[#This Row],[N° Pallet]]) -> 21519
A18: 46037 | B18: =_xlfn.ISOWEEKNUM(BD_MR_RF[[#This Row],[Fecha]]) -> 3 | C18: 1 | D18: 3 | E18: 304231000 | F18: =IFERROR("" & _xlfn.XLOOKUP(BD_MR_RF[[#This Row],[Código]],BD_Cod!A:A,BD_Cod!B:B), "") -> MO S/V Org. S/C PSP 12 kg en Caja | G18: =IFERROR(" " &_xlfn.XLOOKUP(BD_MR_RF[[#This Row],[Código]],BD_Cod!A:A,BD_Cod!H:H," ")," ") -> PSP | H18: 21520 | I18: 7830 | J18: 1000 | K18: 0.59375 | L18: N/A | M18: 12555 | N18: -14.2 | O18: C | P18: C | Q18: =1-BD_MR_RF[[#This Row],[% Defectos]] -> 0.916 | R18: 43 | S18: =+IFERROR((BD_MR_RF[[#This Row],[Desviación de Color]]/BD_MR_RF[[#This Row],[Muestra]]),"0") -> 0.043 | T18: 0 | U18: =+IFERROR((BD_MR_RF[[#This Row],[Sobremaduro]]/BD_MR_RF[[#This Row],[Muestra]]),"0") -> 0 | V18: 0 | W18: =+IFERROR((BD_MR_RF[[#This Row],[Daño Mécanico]]/BD_MR_RF[[#This Row],[Muestra]]),"0") -> 0 | X18: 27 | Y18: =+IFERROR((BD_MR_RF[[#This Row],[Daño Insecto]]/BD_MR_RF[[#This Row],[Muestra]]),"0") -> 0.027 | Z18: 11 | AA18: =+IFERROR((BD_MR_RF[[#This Row],[Block]]/BD_MR_RF[[#This Row],[Muestra]]),"0") -> 0.011 | AB18: 3 | AC18: =+IFERROR((BD_MR_RF[[#This Row],[Mohos]]/BD_MR_RF[[#This Row],[Muestra]]),"0") -> 0.003 | AD18: 3 | AE18: 0 | AF18: deshidratado | AG18: 4 | AH18: =+IFERROR((BD_MR_RF[[#This Row],[Valor Extra 1]]/BD_MR_RF[[#This Row],[Muestra]]),"0") -> 0.004 | AJ18: 0 | AK18: =+IFERROR((BD_MR_RF[[#This Row],[Valor Extra 2]]/BD_MR_RF[[#This Row],[Muestra]]),"0") -> 0 | AL18: 0 | AM18: =+IFERROR((BD_MR_RF[[#This Row],[Calibre >16]]/BD_MR_RF[[#This Row],[Muestra]]),"0") -> 0 | AN18: 0 | AO18: =+IFERROR((BD_MR_RF[[#This Row],[Calibre <16]]/BD_MR_RF[[#This Row],[Muestra]]),"0") -> 0 | AP18: S/A | AQ18: S/A | AR18: S/A | AS18: S/A | AT18: S/A | AU18: S/A | AV18: S/A | AW18: 14.1 | AX18: C | AY18: C | AZ18: =SUM(BD_MR_RF[[#This Row],[Desviación de Color]]+BD_MR_RF[[#This Row],[Sobremaduro]]+BD_MR_RF[[#This Row],[Daño Mécanico]]+BD_MR_RF[[#This Row],[Daño Insecto]]+BD_MR_RF[[#This Row],[Block]]+BD_MR_RF[[#This Row],[Mohos]]) -> 84 | BA18: =SUM(BD_MR_RF[[#This Row],[% Desv. Color (≤5%)]]+BD_MR_RF[[#This Row],[% Sobremaduro (≤6%)]]+BD_MR_RF[[#This Row],[% Daño Mécanico (≤6%)]]+BD_MR_RF[[#This Row],[% Daño Insc. (≤5%)]]+BD_MR_RF[[#This Row],[% Block (≤5%)]]+BD_MR_RF[[#This Row],[% Mohos (0%)]]) -> 0.084 | BB18: S/O | BC18: =1-BD_MR_RF[[#This Row],[% Defectos]] -> 0.916 | BD18: Fernanda Delgado | BE18: =SUM(BD_MR_RF[[#This Row],[Palos (Un.) (≤18)]:[Larvas (Un.) (≤24)]]) -> 0 | BF18: =SUM(BD_MR_RF[[#This Row],[Vidrio (Un.) (0)]:[Plástico (Un.) (0)]]) -> 0 | BG18: =IF(ISBLANK(BD_MR_RF[[#This Row],[Descripción del Producto]]),"",BD_MR_RF[[#This Row],[Descripción del Producto]]) -> MO S/V Org. S/C PSP 12 kg en Caja | BH18: =IF(ISBLANK(BD_MR_RF[[#This Row],[N° Lote]]),"",BD_MR_RF[[#This Row],[N° Lote]]) -> 7830 | BI18: =IF(ISBLANK(BD_MR_RF[[#This Row],[N° Pallet]]),"",BD_MR_RF[[#This Row],[N° Pallet]]) -> 21520
A19: 46037 | B19: =_xlfn.ISOWEEKNUM(BD_MR_RF[[#This Row],[Fecha]]) -> 3 | C19: 1 | D19: 3 | E19: 304231000 | F19: =IFERROR("" & _xlfn.XLOOKUP(BD_MR_RF[[#This Row],[Código]],BD_Cod!A:A,BD_Cod!B:B), "") -> MO S/V Org. S/C PSP 12 kg en Caja | G19: =IFERROR(" " &_xlfn.XLOOKUP(BD_MR_RF[[#This Row],[Código]],BD_Cod!A:A,BD_Cod!H:H," ")," ") -> PSP | H19: 21520 | I19: 7830 | J19: 1000 | K19: 0.59375 | L19: N/A | M19: 12565 | N19: -15.4 | O19: C | P19: C | Q19: =1-BD_MR_RF[[#This Row],[% Defectos]] -> 0.878 | R19: 59 | S19: =+IFERROR((BD_MR_RF[[#This Row],[Desviación de Color]]/BD_MR_RF[[#This Row],[Muestra]]),"0") -> 0.059 | T19: 0 | U19: =+IFERROR((BD_MR_RF[[#This Row],[Sobremaduro]]/BD_MR_RF[[#This Row],[Muestra]]),"0") -> 0 | V19: 2 | W19: =+IFERROR((BD_MR_RF[[#This Row],[Daño Mécanico]]/BD_MR_RF[[#This Row],[Muestra]]),"0") -> 0.002 | X19: 61 | Y19: =+IFERROR((BD_MR_RF[[#This Row],[Daño Insecto]]/BD_MR_RF[[#This Row],[Muestra]]),"0") -> 0.061 | Z19: 0 | AA19: =+IFERROR((BD_MR_RF[[#This Row],[Block]]/BD_MR_RF[[#This Row],[Muestra]]),"0") -> 0 | AB19: 0 | AC19: =+IFERROR((BD_MR_RF[[#This Row],[Mohos]]/BD_MR_RF[[#This Row],[Muestra]]),"0") -> 0 | AD19: 0 | AE19: 0 | AF19: deshidratado | AG19: 2 | AH19: =+IFERROR((BD_MR_RF[[#This Row],[Valor Extra 1]]/BD_MR_RF[[#This Row],[Muestra]]),"0") -> 0.002 | AJ19: 0 | AK19: =+IFERROR((BD_MR_RF[[#This Row],[Valor Extra 2]]/BD_MR_RF[[#This Row],[Muestra]]),"0") -> 0 | AL19: 0 | AM19: =+IFERROR((BD_MR_RF[[#This Row],[Calibre >16]]/BD_MR_RF[[#This Row],[Muestra]]),"0") -> 0 | AN19: 0 | AO19: =+IFERROR((BD_MR_RF[[#This Row],[Calibre <16]]/BD_MR_RF[[#This Row],[Muestra]]),"0") -> 0 | AP19: S/A | AQ19: S/A | AR19: S/A | AS19: S/A | AT19: S/A | AU19: S/A | AV19: S/A | AW19: 11.4 | AX19: C | AY19: C | AZ19: =SUM(BD_MR_RF[[#This Row],[Desviación de Color]]+BD_MR_RF[[#This Row],[Sobremaduro]]+BD_MR_RF[[#This Row],[Daño Mécanico]]+BD_MR_RF[[#This Row],[Daño Insecto]]+BD_MR_RF[[#This Row],[Block]]+BD_MR_RF[[#This Row],[Mohos]]) -> 122 | BA19: =SUM(BD_MR_RF[[#This Row],[% Desv. Color (≤5%)]]+BD_MR_RF[[#This Row],[% Sobremaduro (≤6%)]]+BD_MR_RF[[#This Row],[% Daño Mécanico (≤6%)]]+BD_MR_RF[[#This Row],[% Daño Insc. (≤5%)]]+BD_MR_RF[[#This Row],[% Block (≤5%)]]+BD_MR_RF[[#This Row],[% Mohos (0%)]]) -> 0.122 | BB19: S/O | BC19: =1-BD_MR_RF[[#This Row],[% Defectos]] -> 0.878 | BD19: Fernanda Delgado | BE19: =SUM(BD_MR_RF[[#This Row],[Palos (Un.) (≤18)]:[Larvas (Un.) (≤24)]]) -> 0 | BF19: =SUM(BD_MR_RF[[#This Row],[Vidrio (Un.) (0)]:[Plástico (Un.) (0)]]) -> 0 | BG19: =IF(ISBLANK(BD_MR_RF[[#This Row],[Descripción del Producto]]),"",BD_MR_RF[[#This Row],[Descripción del Producto]]) -> MO S/V Org. S/C PSP 12 kg en Caja | BH19: =IF(ISBLANK(BD_MR_RF[[#This Row],[N° Lote]]),"",BD_MR_RF[[#This Row],[N° Lote]]) -> 7830 | BI19: =IF(ISBLANK(BD_MR_RF[[#This Row],[N° Pallet]]),"",BD_MR_RF[[#This Row],[N° Pallet]]) -> 21520
A20: 46037 | B20: =_xlfn.ISOWEEKNUM(BD_MR_RF[[#This Row],[Fecha]]) -> 3 | C20: 1 | D20: 3 | E20: 304231000 | F20: =IFERROR("" & _xlfn.XLOOKUP(BD_MR_RF[[#This Row],[Código]],BD_Cod!A:A,BD_Cod!B:B), "") -> MO S/V Org. S/C PSP 12 kg en Caja | G20: =IFERROR(" " &_xlfn.XLOOKUP(BD_MR_RF[[#This Row],[Código]],BD_Cod!A:A,BD_Cod!H:H," ")," ") -> PSP | H20: 21522 | I20: 7830 | J20: 1000 | K20: 0.61319444 | L20: N/A | M20: 12555 | N20: -14.4 | O20: C | P20: C | Q20: =1-BD_MR_RF[[#This Row],[% Defectos]] -> 0.804 | R20: 54 | S20: =+IFERROR((BD_MR_RF[[#This Row],[Desviación de Color]]/BD_MR_RF[[#This Row],[Muestra]]),"0") -> 0.054 | T20: 0 | U20: =+IFERROR((BD_MR_RF[[#This Row],[Sobremaduro]]/BD_MR_RF[[#This Row],[Muestra]]),"0") -> 0 | V20: 13 | W20: =+IFERROR((BD_MR_RF[[#This Row],[Daño Mécanico]]/BD_MR_RF[[#This Row],[Muestra]]),"0") -> 0.013 | X20: 95 | Y20: =+IFERROR((BD_MR_RF[[#This Row],[Daño Insecto]]/BD_MR_RF[[#This Row],[Muestra]]),"0") -> 0.095 | Z20: 34 | AA20: =+IFERROR((BD_MR_RF[[#This Row],[Block]]/BD_MR_RF[[#This Row],[Muestra]]),"0") -> 0.034 | AB20: 0 | AC20: =+IFERROR((BD_MR_RF[[#This Row],[Mohos]]/BD_MR_RF[[#This Row],[Muestra]]),"0") -> 0 | AD20: 4 | AE20: 0 | AF20: Materia Vegetal (unid) | AG20: 1 | AJ20: 0 | AK20: =+IFERROR((BD_MR_RF[[#This Row],[Valor Extra 2]]/BD_MR_RF[[#This Row],[Muestra]]),"0") -> 0 | AL20: 0 | AM20: =+IFERROR((BD_MR_RF[[#This Row],[Calibre >16]]/BD_MR_RF[[#This Row],[Muestra]]),"0") -> 0 | AN20: 0 | AO20: =+IFERROR((BD_MR_RF[[#This Row],[Calibre <16]]/BD_MR_RF[[#This Row],[Muestra]]),"0") -> 0 | AP20: S/A | AQ20: S/A | AR20: S/A | AS20: S/A | AT20: S/A | AU20: S/A | AV20: S/A | AW20: 12.5 | AX20: C | AY20: C | AZ20: =SUM(BD_MR_RF[[#This Row],[Desviación de Color]]+BD_MR_RF[[#This Row],[Sobremaduro]]+BD_MR_RF[[#This Row],[Daño Mécanico]]+BD_MR_RF[[#This Row],[Daño Insecto]]+BD_MR_RF[[#This Row],[Block]]+BD_MR_RF[[#This Row],[Mohos]]) -> 196 | BA20: =SUM(BD_MR_RF[[#This Row],[% Desv. Color (≤5%)]]+BD_MR_RF[[#This Row],[% Sobremaduro (≤6%)]]+BD_MR_RF[[#This Row],[% Daño Mécanico (≤6%)]]+BD_MR_RF[[#This Row],[% Daño Insc. (≤5%)]]+BD_MR_RF[[#This Row],[% Block (≤5%)]]+BD_MR_RF[[#This Row],[% Mohos (0%)]]) -> 0.196 | BB20: S/O | BC20: =1-BD_MR_RF[[#This Row],[% Defectos]] -> 0.804 | BD20: Fernanda Delgado | BE20: =SUM(BD_MR_RF[[#This Row],[Palos (Un.) (≤18)]:[Larvas (Un.) (≤24)]]) -> 0 | BF20: =SUM(BD_MR_RF[[#This Row],[Vidrio (Un.) (0)]:[Plástico (Un.) (0)]]) -> 0 | BG20: =IF(ISBLANK(BD_MR_RF[[#This Row],[Descripción del Producto]]),"",BD_MR_RF[[#This Row],[Descripción del Producto]]) -> MO S/V Org. S/C PSP 12 kg en Caja | BH20: =IF(ISBLANK(BD_MR_RF[[#This Row],[N° Lote]]),"",BD_MR_RF[[#This Row],[N° Lote]]) -> 7830 | BI20: =IF(ISBLANK(BD_MR_RF[[#This Row],[N° Pallet]]),"",BD_MR_RF[[#This Row],[N° Pallet]]) -> 21522
A21: 46037 | B21: =_xlfn.ISOWEEKNUM(BD_MR_RF[[#This Row],[Fecha]]) -> 3 | C21: 1 | D21: 3 | E21: 304231000 | F21: =IFERROR("" & _xlfn.XLOOKUP(BD_MR_RF[[#This Row],[Código]],BD_Cod!A:A,BD_Cod!B:B), "") -> MO S/V Org. S/C PSP 12 kg en Caja | G21: =IFERROR(" " &_xlfn.XLOOKUP(BD_MR_RF[[#This Row],[Código]],BD_Cod!A:A,BD_Cod!H:H," ")," ") -> PSP | H21: 21523 | I21: 7830 | J21: 1000 | K21: 0.62847222 | L21: N/A | M21: 12550 | N21: -11.6 | O21: C | P21: C | Q21: =1-BD_MR_RF[[#This Row],[% Defectos]] -> 0.917 | R21: 16 | S21: =+IFERROR((BD_MR_RF[[#This Row],[Desviación de Color]]/BD_MR_RF[[#This Row],[Muestra]]),"0") -> 0.016 | T21: 0 | U21: =+IFERROR((BD_MR_RF[[#This Row],[Sobremaduro]]/BD_MR_RF[[#This Row],[Muestra]]),"0") -> 0 | V21: 22 | W21: =+IFERROR((BD_MR_RF[[#This Row],[Daño Mécanico]]/BD_MR_RF[[#This Row],[Muestra]]),"0") -> 0.022 | X21: 40 | Y21: =+IFERROR((BD_MR_RF[[#This Row],[Daño Insecto]]/BD_MR_RF[[#This Row],[Muestra]]),"0") -> 0.04 | Z21: 3 | AA21: =+IFERROR((BD_MR_RF[[#This Row],[Block]]/BD_MR_RF[[#This Row],[Muestra]]),"0") -> 0.003 | AB21: 2 | AC21: =+IFERROR((BD_MR_RF[[#This Row],[Mohos]]/BD_MR_RF[[#This Row],[Muestra]]),"0") -> 0.002 | AD21: 0 | AE21: 0 | AG21: 0 | AH21: =+IFERROR((BD_MR_RF[[#This Row],[Valor Extra 1]]/BD_MR_RF[[#This Row],[Muestra]]),"0") -> 0 | AJ21: 0 | AK21: =+IFERROR((BD_MR_RF[[#This Row],[Valor Extra 2]]/BD_MR_RF[[#This Row],[Muestra]]),"0") -> 0 | AL21: 0 | AM21: =+IFERROR((BD_MR_RF[[#This Row],[Calibre >16]]/BD_MR_RF[[#This Row],[Muestra]]),"0") -> 0 | AN21: 0 | AO21: =+IFERROR((BD_MR_RF[[#This Row],[Calibre <16]]/BD_MR_RF[[#This Row],[Muestra]]),"0") -> 0 | AP21: S/A | AQ21: S/A | AR21: S/A | AS21: S/A | AT21: S/A | AU21: S/A | AV21: S/A | AW21: 16.1 | AX21: C | AY21: C | AZ21: =SUM(BD_MR_RF[[#This Row],[Desviación de Color]]+BD_MR_RF[[#This Row],[Sobremaduro]]+BD_MR_RF[[#This Row],[Daño Mécanico]]+BD_MR_RF[[#This Row],[Daño Insecto]]+BD_MR_RF[[#This Row],[Block]]+BD_MR_RF[[#This Row],[Mohos]]) -> 83 | BA21: =SUM(BD_MR_RF[[#This Row],[% Desv. Color (≤5%)]]+BD_MR_RF[[#This Row],[% Sobremaduro (≤6%)]]+BD_MR_RF[[#This Row],[% Daño Mécanico (≤6%)]]+BD_MR_RF[[#This Row],[% Daño Insc. (≤5%)]]+BD_MR_RF[[#This Row],[% Block (≤5%)]]+BD_MR_RF[[#This Row],[% Mohos (0%)]]) -> 0.083 | BB21: S/O | BC21: =1-BD_MR_RF[[#This Row],[% Defectos]] -> 0.917 | BD21: Fernanda Delgado | BE21: =SUM(BD_MR_RF[[#This Row],[Palos (Un.) (≤18)]:[Larvas (Un.) (≤24)]]) -> 0 | BF21: =SUM(BD_MR_RF[[#This Row],[Vidrio (Un.) (0)]:[Plástico (Un.) (0)]]) -> 0 | BG21: =IF(ISBLANK(BD_MR_RF[[#This Row],[Descripción del Producto]]),"",BD_MR_RF[[#This Row],[Descripción del Producto]]) -> MO S/V Org. S/C PSP 12 kg en Caja | BH21: =IF(ISBLANK(BD_MR_RF[[#This Row],[N° Lote]]),"",BD_MR_RF[[#This Row],[N° Lote]]) -> 7830 | BI21: =IF(ISBLANK(BD_MR_RF[[#This Row],[N° Pallet]]),"",BD_MR_RF[[#This Row],[N° Pallet]]) -> 21523
A22: 46037 | B22: =_xlfn.ISOWEEKNUM(BD_MR_RF[[#This Row],[Fecha]]) -> 3 | C22: 1 | D22: 3 | E22: 304231000 | F22: =IFERROR("" & _xlfn.XLOOKUP(BD_MR_RF[[#This Row],[Código]],BD_Cod!A:A,BD_Cod!B:B), "") -> MO S/V Org. S/C PSP 12 kg en Caja | G22: =IFERROR(" " &_xlfn.XLOOKUP(BD_MR_RF[[#This Row],[Código]],BD_Cod!A:A,BD_Cod!H:H," ")," ") -> PSP | H22: 21524 | I22: 7830 | J22: 1000 | K22: 0.64097222 | L22: N/A | M22: 12570 | N22: -9.4 | O22: C | P22: C | Q22: =1-BD_MR_RF[[#This Row],[% Defectos]] -> 0.849 | R22: 10 | S22: =+IFERROR((BD_MR_RF[[#This Row],[Desviación de Color]]/BD_MR_RF[[#This Row],[Muestra]]),"0") -> 0.01 | T22: 0 | U22: =+IFERROR((BD_MR_RF[[#This Row],[Sobremaduro]]/BD_MR_RF[[#This Row],[Muestra]]),"0") -> 0 | V22: 0 | W22: =+IFERROR((BD_MR_RF[[#This Row],[Daño Mécanico]]/BD_MR_RF[[#This Row],[Muestra]]),"0") -> 0 | X22: 139 | Y22: =+IFERROR((BD_MR_RF[[#This Row],[Daño Insecto]]/BD_MR_RF[[#This Row],[Muestra]]),"0") -> 0.139 | Z22: 0 | AA22: =+IFERROR((BD_MR_RF[[#This Row],[Block]]/BD_MR_RF[[#This Row],[Muestra]]),"0") -> 0 | AB22: 2 | AC22: =+IFERROR((BD_MR_RF[[#This Row],[Mohos]]/BD_MR_RF[[#This Row],[Muestra]]),"0") -> 0.002 | AD22: 1 | AE22: 0 | AG22: 0 | AH22: =+IFERROR((BD_MR_RF[[#This Row],[Valor Extra 1]]/BD_MR_RF[[#This Row],[Muestra]]),"0") -> 0 | AJ22: 0 | AK22: =+IFERROR((BD_MR_RF[[#This Row],[Valor Extra 2]]/BD_MR_RF[[#This Row],[Muestra]]),"0") -> 0 | AL22: 0 | AM22: =+IFERROR((BD_MR_RF[[#This Row],[Calibre >16]]/BD_MR_RF[[#This Row],[Muestra]]),"0") -> 0 | AN22: 0 | AO22: =+IFERROR((BD_MR_RF[[#This Row],[Calibre <16]]/BD_MR_RF[[#This Row],[Muestra]]),"0") -> 0 | AP22: S/A | AQ22: S/A | AR22: S/A | AS22: S/A | AT22: S/A | AU22: S/A | AV22: S/A | AW22: 13.7 | AX22: C | AY22: C | AZ22: =SUM(BD_MR_RF[[#This Row],[Desviación de Color]]+BD_MR_RF[[#This Row],[Sobremaduro]]+BD_MR_RF[[#This Row],[Daño Mécanico]]+BD_MR_RF[[#This Row],[Daño Insecto]]+BD_MR_RF[[#This Row],[Block]]+BD_MR_RF[[#This Row],[Mohos]]) -> 151 | BA22: =SUM(BD_MR_RF[[#This Row],[% Desv. Color (≤5%)]]+BD_MR_RF[[#This Row],[% Sobremaduro (≤6%)]]+BD_MR_RF[[#This Row],[% Daño Mécanico (≤6%)]]+BD_MR_RF[[#This Row],[% Daño Insc. (≤5%)]]+BD_MR_RF[[#This Row],[% Block (≤5%)]]+BD_MR_RF[[#This Row],[% Mohos (0%)]]) -> 0.151 | BB22: S/O | BC22: =1-BD_MR_RF[[#This Row],[% Defectos]] -> 0.849 | BD22: Benjamin Navarro | BE22: =SUM(BD_MR_RF[[#This Row],[Palos (Un.) (≤18)]:[Larvas (Un.) (≤24)]]) -> 0 | BF22: =SUM(BD_MR_RF[[#This Row],[Vidrio (Un.) (0)]:[Plástico (Un.) (0)]]) -> 0 | BG22: =IF(ISBLANK(BD_MR_RF[[#This Row],[Descripción del Producto]]),"",BD_MR_RF[[#This Row],[Descripción del Producto]]) -> MO S/V Org. S/C PSP 12 kg en Caja | BH22: =IF(ISBLANK(BD_MR_RF[[#This Row],[N° Lote]]),"",BD_MR_RF[[#This Row],[N° Lote]]) -> 7830 | BI22: =IF(ISBLANK(BD_MR_RF[[#This Row],[N° Pallet]]),"",BD_MR_RF[[#This Row],[N° Pallet]]) -> 21524
A23: 46037 | B23: =_xlfn.ISOWEEKNUM(BD_MR_RF[[#This Row],[Fecha]]) -> 3 | C23: 1 | D23: 3 | E23: 304231000 | F23: =IFERROR("" & _xlfn.XLOOKUP(BD_MR_RF[[#This Row],[Código]],BD_Cod!A:A,BD_Cod!B:B), "") -> MO S/V Org. S/C PSP 12 kg en Caja | G23: =IFERROR(" " &_xlfn.XLOOKUP(BD_MR_RF[[#This Row],[Código]],BD_Cod!A:A,BD_Cod!H:H," ")," ") -> PSP | H23: 21560 | I23: 7830 | J23: 1000 | K23: 0.65416667 | L23: N/A | M23: 12550 | N23: -10.8 | O23: C | P23: C | Q23: =1-BD_MR_RF[[#This Row],[% Defectos]] -> 0.902 | R23: 22 | S23: =+IFERROR((BD_MR_RF[[#This Row],[Desviación de Color]]/BD_MR_RF[[#This Row],[Muestra]]),"0") -> 0.022 | T23: 0 | U23: =+IFERROR((BD_MR_RF[[#This Row],[Sobremaduro]]/BD_MR_RF[[#This Row],[Muestra]]),"0") -> 0 | V23: 0 | W23: =+IFERROR((BD_MR_RF[[#This Row],[Daño Mécanico]]/BD_MR_RF[[#This Row],[Muestra]]),"0") -> 0 | X23: 76 | Y23: =+IFERROR((BD_MR_RF[[#This Row],[Daño Insecto]]/BD_MR_RF[[#This Row],[Muestra]]),"0") -> 0.076 | Z23: 0 | AA23: =+IFERROR((BD_MR_RF[[#This Row],[Block]]/BD_MR_RF[[#This Row],[Muestra]]),"0") -> 0 | AB23: 0 | AC23: =+IFERROR((BD_MR_RF[[#This Row],[Mohos]]/BD_MR_RF[[#This Row],[Muestra]]),"0") -> 0 | AD23: 1 | AE23: 0 | AG23: 0 | AH23: =+IFERROR((BD_MR_RF[[#This Row],[Valor Extra 1]]/BD_MR_RF[[#This Row],[Muestra]]),"0") -> 0 | AJ23: 0 | AK23: =+IFERROR((BD_MR_RF[[#This Row],[Valor Extra 2]]/BD_MR_RF[[#This Row],[Muestra]]),"0") -> 0 | AL23: 0 | AM23: =+IFERROR((BD_MR_RF[[#This Row],[Calibre >16]]/BD_MR_RF[[#This Row],[Muestra]]),"0") -> 0 | AN23: 0 | AO23: =+IFERROR((BD_MR_RF[[#This Row],[Calibre <16]]/BD_MR_RF[[#This Row],[Muestra]]),"0") -> 0 | AP23: S/A | AQ23: S/A | AR23: S/A | AS23: S/A | AT23: S/A | AU23: S/A | AV23: S/A | AW23: 12.9 | AX23: C | AY23: C | AZ23: =SUM(BD_MR_RF[[#This Row],[Desviación de Color]]+BD_MR_RF[[#This Row],[Sobremaduro]]+BD_MR_RF[[#This Row],[Daño Mécanico]]+BD_MR_RF[[#This Row],[Daño Insecto]]+BD_MR_RF[[#This Row],[Block]]+BD_MR_RF[[#This Row],[Mohos]]) -> 98 | BA23: =SUM(BD_MR_RF[[#This Row],[% Desv. Color (≤5%)]]+BD_MR_RF[[#This Row],[% Sobremaduro (≤6%)]]+BD_MR_RF[[#This Row],[% Daño Mécanico (≤6%)]]+BD_MR_RF[[#This Row],[% Daño Insc. (≤5%)]]+BD_MR_RF[[#This Row],[% Block (≤5%)]]+BD_MR_RF[[#This Row],[% Mohos (0%)]]) -> 0.098 | BB23: S/O | BC23: =1-BD_MR_RF[[#This Row],[% Defectos]] -> 0.902 | BD23: Benjamin Navarro | BE23: =SUM(BD_MR_RF[[#This Row],[Palos (Un.) (≤18)]:[Larvas (Un.) (≤24)]]) -> 0 | BF23: =SUM(BD_MR_RF[[#This Row],[Vidrio (Un.) (0)]:[Plástico (Un.) (0)]]) -> 0 | BG23: =IF(ISBLANK(BD_MR_RF[[#This Row],[Descripción del Producto]]),"",BD_MR_RF[[#This Row],[Descripción del Producto]]) -> MO S/V Org. S/C PSP 12 kg en Caja | BH23: =IF(ISBLANK(BD_MR_RF[[#This Row],[N° Lote]]),"",BD_MR_RF[[#This Row],[N° Lote]]) -> 7830 | BI23: =IF(ISBLANK(BD_MR_RF[[#This Row],[N° Pallet]]),"",BD_MR_RF[[#This Row],[N° Pallet]]) -> 21560
A24: 46039 | B24: =_xlfn.ISOWEEKNUM(BD_MR_RF[[#This Row],[Fecha]]) -> 3 | C24: 2 | D24: 3 | E24: 304231000 | F24: =IFERROR("" & _xlfn.XLOOKUP(BD_MR_RF[[#This Row],[Código]],BD_Cod!A:A,BD_Cod!B:B), "") -> MO S/V Org. S/C PSP 12 kg en Caja | G24: =IFERROR(" " &_xlfn.XLOOKUP(BD_MR_RF[[#This Row],[Código]],BD_Cod!A:A,BD_Cod!H:H," ")," ") -> PSP | H24: 49438 | I24: 304903 | J24: 1000 | K24: 0.91458333 | L24: N/A | M24: 12560 | N24: -10.3 | O24: C | P24: C | Q24: =1-BD_MR_RF[[#This Row],[% Defectos]] -> 0.88 | R24: 60 | S24: =+IFERROR((BD_MR_RF[[#This Row],[Desviación de Color]]/BD_MR_RF[[#This Row],[Muestra]]),"0") -> 0.06 | T24: 0 | U24: =+IFERROR((BD_MR_RF[[#This Row],[Sobremaduro]]/BD_MR_RF[[#This Row],[Muestra]]),"0") -> 0 | V24: 0 | W24: =+IFERROR((BD_MR_RF[[#This Row],[Daño Mécanico]]/BD_MR_RF[[#This Row],[Muestra]]),"0") -> 0 | X24: 60 | Y24: =+IFERROR((BD_MR_RF[[#This Row],[Daño Insecto]]/BD_MR_RF[[#This Row],[Muestra]]),"0") -> 0.06 | Z24: 0 | AA24: =+IFERROR((BD_MR_RF[[#This Row],[Block]]/BD_MR_RF[[#This Row],[Muestra]]),"0") -> 0 | AB24: 0 | AC24: =+IFERROR((BD_MR_RF[[#This Row],[Mohos]]/BD_MR_RF[[#This Row],[Muestra]]),"0") -> 0 | AD24: 1 | AE24: 0 | AG24: 0 | AH24: =+IFERROR((BD_MR_RF[[#This Row],[Valor Extra 1]]/BD_MR_RF[[#This Row],[Muestra]]),"0") -> 0 | AJ24: 0 | AK24: =+IFERROR((BD_MR_RF[[#This Row],[Valor Extra 2]]/BD_MR_RF[[#This Row],[Muestra]]),"0") -> 0 | AL24: 0 | AM24: =+IFERROR((BD_MR_RF[[#This Row],[Calibre >16]]/BD_MR_RF[[#This Row],[Muestra]]),"0") -> 0 | AN24: 0 | AO24: =+IFERROR((BD_MR_RF[[#This Row],[Calibre <16]]/BD_MR_RF[[#This Row],[Muestra]]),"0") -> 0 | AP24: S/A | AQ24: S/A | AR24: S/A | AS24: S/A | AT24: S/A | AU24: S/A | AV24: S/A | AW24: - | AX24: C | AY24: C | AZ24: =SUM(BD_MR_RF[[#This Row],[Desviación de Color]]+BD_MR_RF[[#This Row],[Sobremaduro]]+BD_MR_RF[[#This Row],[Daño Mécanico]]+BD_MR_RF[[#This Row],[Daño Insecto]]+BD_MR_RF[[#This Row],[Block]]+BD_MR_RF[[#This Row],[Mohos]]) -> 120 | BA24: =SUM(BD_MR_RF[[#This Row],[% Desv. Color (≤5%)]]+BD_MR_RF[[#This Row],[% Sobremaduro (≤6%)]]+BD_MR_RF[[#This Row],[% Daño Mécanico (≤6%)]]+BD_MR_RF[[#This Row],[% Daño Insc. (≤5%)]]+BD_MR_RF[[#This Row],[% Block (≤5%)]]+BD_MR_RF[[#This Row],[% Mohos (0%)]]) -> 0.12 | BB24: Producto no pasado por DM | BC24: =1-BD_MR_RF[[#This Row],[% Defectos]] -> 0.88 | BD24: Fernanda Jara | BE24: =SUM(BD_MR_RF[[#This Row],[Palos (Un.) (≤18)]:[Larvas (Un.) (≤24)]]) -> 0 | BF24: =SUM(BD_MR_RF[[#This Row],[Vidrio (Un.) (0)]:[Plástico (Un.) (0)]]) -> 0 | BG24: =IF(ISBLANK(BD_MR_RF[[#This Row],[Descripción del Producto]]),"",BD_MR_RF[[#This Row],[Descripción del Producto]]) -> MO S/V Org. S/C PSP 12 kg en Caja | BH24: =IF(ISBLANK(BD_MR_RF[[#This Row],[N° Lote]]),"",BD_MR_RF[[#This Row],[N° Lote]]) -> 304903 | BI24: =IF(ISBLANK(BD_MR_RF[[#This Row],[N° Pallet]]),"",BD_MR_RF[[#This Row],[N° Pallet]]) -> 49438
A25: 46039 | B25: =_xlfn.ISOWEEKNUM(BD_MR_RF[[#This Row],[Fecha]]) -> 3 | C25: 2 | D25: 3 | E25: 304231000 | F25: =IFERROR("" & _xlfn.XLOOKUP(BD_MR_RF[[#This Row],[Código]],BD_Cod!A:A,BD_Cod!B:B), "") -> MO S/V Org. S/C PSP 12 kg en Caja | G25: =IFERROR(" " &_xlfn.XLOOKUP(BD_MR_RF[[#This Row],[Código]],BD_Cod!A:A,BD_Cod!H:H," ")," ") -> PSP | H25: 49439 | I25: 304903 | J25: 1000 | K25: 0.91944444 | L25: N/A | M25: 12535 | N25: -10.8 | O25: C | P25: C | Q25: =1-BD_MR_RF[[#This Row],[% Defectos]] -> 0.859 | R25: 70 | S25: =+IFERROR((BD_MR_RF[[#This Row],[Desviación de Color]]/BD_MR_RF[[#This Row],[Muestra]]),"0") -> 0.07 | T25: 0 | U25: =+IFERROR((BD_MR_RF[[#This Row],[Sobremaduro]]/BD_MR_RF[[#This Row],[Muestra]]),"0") -> 0 | V25: 0 | W25: =+IFERROR((BD_MR_RF[[#This Row],[Daño Mécanico]]/BD_MR_RF[[#This Row],[Muestra]]),"0") -> 0 | X25: 70 | Y25: =+IFERROR((BD_MR_RF[[#This Row],[Daño Insecto]]/BD_MR_RF[[#This Row],[Muestra]]),"0") -> 0.07 | Z25: 0 | AA25: =+IFERROR((BD_MR_RF[[#This Row],[Block]]/BD_MR_RF[[#This Row],[Muestra]]),"0") -> 0 | AB25: 1 | AC25: =+IFERROR((BD_MR_RF[[#This Row],[Mohos]]/BD_MR_RF[[#This Row],[Muestra]]),"0") -> 0.001 | AD25: 8 | AE25: 0 | AG25: 0 | AH25: =+IFERROR((BD_MR_RF[[#This Row],[Valor Extra 1]]/BD_MR_RF[[#This Row],[Muestra]]),"0") -> 0 | AJ25: 0 | AK25: =+IFERROR((BD_MR_RF[[#This Row],[Valor Extra 2]]/BD_MR_RF[[#This Row],[Muestra]]),"0") -> 0 | AL25: 0 | AM25: =+IFERROR((BD_MR_RF[[#This Row],[Calibre >16]]/BD_MR_RF[[#This Row],[Muestra]]),"0") -> 0 | AN25: 0 | AO25: =+IFERROR((BD_MR_RF[[#This Row],[Calibre <16]]/BD_MR_RF[[#This Row],[Muestra]]),"0") -> 0 | AP25: S/A | AQ25: S/A | AR25: S/A | AS25: S/A | AT25: S/A | AU25: S/A | AV25: S/A | AW25: - | AX25: C | AY25: C | AZ25: =SUM(BD_MR_RF[[#This Row],[Desviación de Color]]+BD_MR_RF[[#This Row],[Sobremaduro]]+BD_MR_RF[[#This Row],[Daño Mécanico]]+BD_MR_RF[[#This Row],[Daño Insecto]]+BD_MR_RF[[#This Row],[Block]]+BD_MR_RF[[#This Row],[Mohos]]) -> 141 | BA25: =SUM(BD_MR_RF[[#This Row],[% Desv. Color (≤5%)]]+BD_MR_RF[[#This Row],[% Sobremaduro (≤6%)]]+BD_MR_RF[[#This Row],[% Daño Mécanico (≤6%)]]+BD_MR_RF[[#This Row],[% Daño Insc. (≤5%)]]+BD_MR_RF[[#This Row],[% Block (≤5%)]]+BD_MR_RF[[#This Row],[% Mohos (0%)]]) -> 0.141 | BB25: Producto no pasado por DM | BC25: =1-BD_MR_RF[[#This Row],[% Defectos]] -> 0.859 | BD25: Fernanda Jara | BE25: =SUM(BD_MR_RF[[#This Row],[Palos (Un.) (≤18)]:[Larvas (Un.) (≤24)]]) -> 0 | BF25: =SUM(BD_MR_RF[[#This Row],[Vidrio (Un.) (0)]:[Plástico (Un.) (0)]]) -> 0 | BG25: =IF(ISBLANK(BD_MR_RF[[#This Row],[Descripción del Producto]]),"",BD_MR_RF[[#This Row],[Descripción del Producto]]) -> MO S/V Org. S/C PSP 12 kg en Caja | BH25: =IF(ISBLANK(BD_MR_RF[[#This Row],[N° Lote]]),"",BD_MR_RF[[#This Row],[N° Lote]]) -> 304903 | BI25: =IF(ISBLANK(BD_MR_RF[[#This Row],[N° Pallet]]),"",BD_MR_RF[[#This Row],[N° Pallet]]) -> 49439
A26: 46039 | B26: =_xlfn.ISOWEEKNUM(BD_MR_RF[[#This Row],[Fecha]]) -> 3 | C26: 2 | D26: 3 | E26: 304231000 | F26: =IFERROR("" & _xlfn.XLOOKUP(BD_MR_RF[[#This Row],[Código]],BD_Cod!A:A,BD_Cod!B:B), "") -> MO S/V Org. S/C PSP 12 kg en Caja | G26: =IFERROR(" " &_xlfn.XLOOKUP(BD_MR_RF[[#This Row],[Código]],BD_Cod!A:A,BD_Cod!H:H," ")," ") -> PSP | H26: 49440 | I26: 304903 | J26: 1000 | K26: 0.93402778 | L26: N/A | M26: 12540 | N26: -13.8 | O26: C | P26: C | Q26: =1-BD_MR_RF[[#This Row],[% Defectos]] -> 0.81 | R26: 80 | S26: =+IFERROR((BD_MR_RF[[#This Row],[Desviación de Color]]/BD_MR_RF[[#This Row],[Muestra]]),"0") -> 0.08 | T26: 0 | U26: =+IFERROR((BD_MR_RF[[#This Row],[Sobremaduro]]/BD_MR_RF[[#This Row],[Muestra]]),"0") -> 0 | V26: 0 | W26: =+IFERROR((BD_MR_RF[[#This Row],[Daño Mécanico]]/BD_MR_RF[[#This Row],[Muestra]]),"0") -> 0 | X26: 70 | Y26: =+IFERROR((BD_MR_RF[[#This Row],[Daño Insecto]]/BD_MR_RF[[#This Row],[Muestra]]),"0") -> 0.07 | Z26: 40 | AA26: =+IFERROR((BD_MR_RF[[#This Row],[Block]]/BD_MR_RF[[#This Row],[Muestra]]),"0") -> 0.04 | AB26: 0 | AC26: =+IFERROR((BD_MR_RF[[#This Row],[Mohos]]/BD_MR_RF[[#This Row],[Muestra]]),"0") -> 0 | AD26: 0 | AE26: 0 | AG26: 0 | AH26: =+IFERROR((BD_MR_RF[[#This Row],[Valor Extra 1]]/BD_MR_RF[[#This Row],[Muestra]]),"0") -> 0 | AJ26: 0 | AK26: =+IFERROR((BD_MR_RF[[#This Row],[Valor Extra 2]]/BD_MR_RF[[#This Row],[Muestra]]),"0") -> 0 | AL26: 0 | AM26: =+IFERROR((BD_MR_RF[[#This Row],[Calibre >16]]/BD_MR_RF[[#This Row],[Muestra]]),"0") -> 0 | AN26: 0 | AO26: =+IFERROR((BD_MR_RF[[#This Row],[Calibre <16]]/BD_MR_RF[[#This Row],[Muestra]]),"0") -> 0 | AP26: S/A | AQ26: S/A | AR26: S/A | AS26: S/A | AT26: S/A | AU26: S/A | AV26: S/A | AW26: - | AX26: C | AY26: C | AZ26: =SUM(BD_MR_RF[[#This Row],[Desviación de Color]]+BD_MR_RF[[#This Row],[Sobremaduro]]+BD_MR_RF[[#This Row],[Daño Mécanico]]+BD_MR_RF[[#This Row],[Daño Insecto]]+BD_MR_RF[[#This Row],[Block]]+BD_MR_RF[[#This Row],[Mohos]]) -> 190 | BA26: =SUM(BD_MR_RF[[#This Row],[% Desv. Color (≤5%)]]+BD_MR_RF[[#This Row],[% Sobremaduro (≤6%)]]+BD_MR_RF[[#This Row],[% Daño Mécanico (≤6%)]]+BD_MR_RF[[#This Row],[% Daño Insc. (≤5%)]]+BD_MR_RF[[#This Row],[% Block (≤5%)]]+BD_MR_RF[[#This Row],[% Mohos (0%)]]) -> 0.19 | BB26: Producto no pasado por DM | BC26: =1-BD_MR_RF[[#This Row],[% Defectos]] -> 0.81 | BD26: Fernanda Jara | BE26: =SUM(BD_MR_RF[[#This Row],[Palos (Un.) (≤18)]:[Larvas (Un.) (≤24)]]) -> 0 | BF26: =SUM(BD_MR_RF[[#This Row],[Vidrio (Un.) (0)]:[Plástico (Un.) (0)]]) -> 0 | BG26: =IF(ISBLANK(BD_MR_RF[[#This Row],[Descripción del Producto]]),"",BD_MR_RF[[#This Row],[Descripción del Producto]]) -> MO S/V Org. S/C PSP 12 kg en Caja | BH26: =IF(ISBLANK(BD_MR_RF[[#This Row],[N° Lote]]),"",BD_MR_RF[[#This Row],[N° Lote]]) -> 304903 | BI26: =IF(ISBLANK(BD_MR_RF[[#This Row],[N° Pallet]]),"",BD_MR_RF[[#This Row],[N° Pallet]]) -> 49440
A27: 46039 | B27: =_xlfn.ISOWEEKNUM(BD_MR_RF[[#This Row],[Fecha]]) -> 3 | C27: 2 | D27: 3 | E27: 304231000 | F27: =IFERROR("" & _xlfn.XLOOKUP(BD_MR_RF[[#This Row],[Código]],BD_Cod!A:A,BD_Cod!B:B), "") -> MO S/V Org. S/C PSP 12 kg en Caja | G27: =IFERROR(" " &_xlfn.XLOOKUP(BD_MR_RF[[#This Row],[Código]],BD_Cod!A:A,BD_Cod!H:H," ")," ") -> PSP | H27: 49441 | I27: 304903 | J27: 1000 | K27: 0.94166667 | L27: N/A | M27: 12575 | N27: -14.7 | O27: C | P27: C | Q27: =1-BD_MR_RF[[#This Row],[% Defectos]] -> 0.815 | R27: 50 | S27: =+IFERROR((BD_MR_RF[[#This Row],[Desviación de Color]]/BD_MR_RF[[#This Row],[Muestra]]),"0") -> 0.05 | T27: 0 | U27: =+IFERROR((BD_MR_RF[[#This Row],[Sobremaduro]]/BD_MR_RF[[#This Row],[Muestra]]),"0") -> 0 | V27: 0 | W27: =+IFERROR((BD_MR_RF[[#This Row],[Daño Mécanico]]/BD_MR_RF[[#This Row],[Muestra]]),"0") -> 0 | X27: 105 | Y27: =+IFERROR((BD_MR_RF[[#This Row],[Daño Insecto]]/BD_MR_RF[[#This Row],[Muestra]]),"0") -> 0.105 | Z27: 30 | AA27: =+IFERROR((BD_MR_RF[[#This Row],[Block]]/BD_MR_RF[[#This Row],[Muestra]]),"0") -> 0.03 | AB27: 0 | AC27: =+IFERROR((BD_MR_RF[[#This Row],[Mohos]]/BD_MR_RF[[#This Row],[Muestra]]),"0") -> 0 | AD27: 0 | AE27: 0 | AG27: 0 | AH27: =+IFERROR((BD_MR_RF[[#This Row],[Valor Extra 1]]/BD_MR_RF[[#This Row],[Muestra]]),"0") -> 0 | AJ27: 0 | AK27: =+IFERROR((BD_MR_RF[[#This Row],[Valor Extra 2]]/BD_MR_RF[[#This Row],[Muestra]]),"0") -> 0 | AL27: 0 | AM27: =+IFERROR((BD_MR_RF[[#This Row],[Calibre >16]]/BD_MR_RF[[#This Row],[Muestra]]),"0") -> 0 | AN27: 0 | AO27: =+IFERROR((BD_MR_RF[[#This Row],[Calibre <16]]/BD_MR_RF[[#This Row],[Muestra]]),"0") -> 0 | AP27: S/A | AQ27: S/A | AR27: S/A | AS27: S/A | AT27: S/A | AU27: S/A | AV27: S/A | AW27: - | AX27: C | AY27: C | AZ27: =SUM(BD_MR_RF[[#This Row],[Desviación de Color]]+BD_MR_RF[[#This Row],[Sobremaduro]]+BD_MR_RF[[#This Row],[Daño Mécanico]]+BD_MR_RF[[#This Row],[Daño Insecto]]+BD_MR_RF[[#This Row],[Block]]+BD_MR_RF[[#This Row],[Mohos]]) -> 185 | BA27: =SUM(BD_MR_RF[[#This Row],[% Desv. Color (≤5%)]]+BD_MR_RF[[#This Row],[% Sobremaduro (≤6%)]]+BD_MR_RF[[#This Row],[% Daño Mécanico (≤6%)]]+BD_MR_RF[[#This Row],[% Daño Insc. (≤5%)]]+BD_MR_RF[[#This Row],[% Block (≤5%)]]+BD_MR_RF[[#This Row],[% Mohos (0%)]]) -> 0.185 | BB27: Producto no pasado por DM | BC27: =1-BD_MR_RF[[#This Row],[% Defectos]] -> 0.815 | BD27: Fernanda Jara | BE27: =SUM(BD_MR_RF[[#This Row],[Palos (Un.) (≤18)]:[Larvas (Un.) (≤24)]]) -> 0 | BF27: =SUM(BD_MR_RF[[#This Row],[Vidrio (Un.) (0)]:[Plástico (Un.) (0)]]) -> 0 | BG27: =IF(ISBLANK(BD_MR_RF[[#This Row],[Descripción del Producto]]),"",BD_MR_RF[[#This Row],[Descripción del Producto]]) -> MO S/V Org. S/C PSP 12 kg en Caja | BH27: =IF(ISBLANK(BD_MR_RF[[#This Row],[N° Lote]]),"",BD_MR_RF[[#This Row],[N° Lote]]) -> 304903 | BI27: =IF(ISBLANK(BD_MR_RF[[#This Row],[N° Pallet]]),"",BD_MR_RF[[#This Row],[N° Pallet]]) -> 49441
A28: 46039 | B28: =_xlfn.ISOWEEKNUM(BD_MR_RF[[#This Row],[Fecha]]) -> 3 | C28: 2 | D28: 3 | E28: 304231000 | F28: =IFERROR("" & _xlfn.XLOOKUP(BD_MR_RF[[#This Row],[Código]],BD_Cod!A:A,BD_Cod!B:B), "") -> MO S/V Org. S/C PSP 12 kg en Caja | G28: =IFERROR(" " &_xlfn.XLOOKUP(BD_MR_RF[[#This Row],[Código]],BD_Cod!A:A,BD_Cod!H:H," ")," ") -> PSP | H28: 21561 | I28: 7830 | J28: 1000 | K28: 0.77847222 | L28: N/A | M28: 12570 | N28: -9.2 | O28: C | P28: C | Q28: =1-BD_MR_RF[[#This Row],[% Defectos]] -> 0.885 | R28: 30 | S28: =+IFERROR((BD_MR_RF[[#This Row],[Desviación de Color]]/BD_MR_RF[[#This Row],[Muestra]]),"0") -> 0.03 | T28: 0 | U28: =+IFERROR((BD_MR_RF[[#This Row],[Sobremaduro]]/BD_MR_RF[[#This Row],[Muestra]]),"0") -> 0 | V28: 0 | W28: =+IFERROR((BD_MR_RF[[#This Row],[Daño Mécanico]]/BD_MR_RF[[#This Row],[Muestra]]),"0") -> 0 | X28: 70 | Y28: =+IFERROR((BD_MR_RF[[#This Row],[Daño Insecto]]/BD_MR_RF[[#This Row],[Muestra]]),"0") -> 0.07 | Z28: 15 | AA28: =+IFERROR((BD_MR_RF[[#This Row],[Block]]/BD_MR_RF[[#This Row],[Muestra]]),"0") -> 0.015 | AB28: 0 | AC28: =+IFERROR((BD_MR_RF[[#This Row],[Mohos]]/BD_MR_RF[[#This Row],[Muestra]]),"0") -> 0 | AD28: 0 | AE28: 0 | AG28: 0 | AH28: =+IFERROR((BD_MR_RF[[#This Row],[Valor Extra 1]]/BD_MR_RF[[#This Row],[Muestra]]),"0") -> 0 | AJ28: 0 | AK28: =+IFERROR((BD_MR_RF[[#This Row],[Valor Extra 2]]/BD_MR_RF[[#This Row],[Muestra]]),"0") -> 0 | AL28: 0 | AM28: =+IFERROR((BD_MR_RF[[#This Row],[Calibre >16]]/BD_MR_RF[[#This Row],[Muestra]]),"0") -> 0 | AN28: 0 | AO28: =+IFERROR((BD_MR_RF[[#This Row],[Calibre <16]]/BD_MR_RF[[#This Row],[Muestra]]),"0") -> 0 | AP28: S/A | AQ28: S/A | AR28: S/A | AS28: S/A | AT28: S/A | AU28: S/A | AV28: S/A | AW28: - | AX28: C | AY28: C | AZ28: =SUM(BD_MR_RF[[#This Row],[Desviación de Color]]+BD_MR_RF[[#This Row],[Sobremaduro]]+BD_MR_RF[[#This Row],[Daño Mécanico]]+BD_MR_RF[[#This Row],[Daño Insecto]]+BD_MR_RF[[#This Row],[Block]]+BD_MR_RF[[#This Row],[Mohos]]) -> 115 | BA28: =SUM(BD_MR_RF[[#This Row],[% Desv. Color (≤5%)]]+BD_MR_RF[[#This Row],[% Sobremaduro (≤6%)]]+BD_MR_RF[[#This Row],[% Daño Mécanico (≤6%)]]+BD_MR_RF[[#This Row],[% Daño Insc. (≤5%)]]+BD_MR_RF[[#This Row],[% Block (≤5%)]]+BD_MR_RF[[#This Row],[% Mohos (0%)]]) -> 0.115 | BB28: Producto no pasado por DM | BC28: =1-BD_MR_RF[[#This Row],[% Defectos]] -> 0.885 | BD28: Fernanda Jara | BE28: =SUM(BD_MR_RF[[#This Row],[Palos (Un.) (≤18)]:[Larvas (Un.) (≤24)]]) -> 0 | BF28: =SUM(BD_MR_RF[[#This Row],[Vidrio (Un.) (0)]:[Plástico (Un.) (0)]]) -> 0 | BG28: =IF(ISBLANK(BD_MR_RF[[#This Row],[Descripción del Producto]]),"",BD_MR_RF[[#This Row],[Descripción del Producto]]) -> MO S/V Org. S/C PSP 12 kg en Caja | BH28: =IF(ISBLANK(BD_MR_RF[[#This Row],[N° Lote]]),"",BD_MR_RF[[#This Row],[N° Lote]]) -> 7830 | BI28: =IF(ISBLANK(BD_MR_RF[[#This Row],[N° Pallet]]),"",BD_MR_RF[[#This Row],[N° Pallet]]) -> 21561
A29: 46039 | B29: =_xlfn.ISOWEEKNUM(BD_MR_RF[[#This Row],[Fecha]]) -> 3 | C29: 2 | D29: 3 | E29: 304231000 | F29: =IFERROR("" & _xlfn.XLOOKUP(BD_MR_RF[[#This Row],[Código]],BD_Cod!A:A,BD_Cod!B:B), "") -> MO S/V Org. S/C PSP 12 kg en Caja | G29: =IFERROR(" " &_xlfn.XLOOKUP(BD_MR_RF[[#This Row],[Código]],BD_Cod!A:A,BD_Cod!H:H," ")," ") -> PSP | H29: 49434 | I29: 304903 | J29: 1000 | K29: 0.78680556 | L29: N/A | M29: 12535 | N29: -10.3 | O29: C | P29: C | Q29: =1-BD_MR_RF[[#This Row],[% Defectos]] -> 0.91 | R29: 70 | S29: =+IFERROR((BD_MR_RF[[#This Row],[Desviación de Color]]/BD_MR_RF[[#This Row],[Muestra]]),"0") -> 0.07 | T29: 0 | U29: =+IFERROR((BD_MR_RF[[#This Row],[Sobremaduro]]/BD_MR_RF[[#This Row],[Muestra]]),"0") -> 0 | V29: 0 | W29: =+IFERROR((BD_MR_RF[[#This Row],[Daño Mécanico]]/BD_MR_RF[[#This Row],[Muestra]]),"0") -> 0 | X29: 20 | Y29: =+IFERROR((BD_MR_RF[[#This Row],[Daño Insecto]]/BD_MR_RF[[#This Row],[Muestra]]),"0") -> 0.02 | Z29: 0 | AA29: =+IFERROR((BD_MR_RF[[#This Row],[Block]]/BD_MR_RF[[#This Row],[Muestra]]),"0") -> 0 | AB29: 0 | AC29: =+IFERROR((BD_MR_RF[[#This Row],[Mohos]]/BD_MR_RF[[#This Row],[Muestra]]),"0") -> 0 | AD29: 0 | AE29: 0 | AG29: 0 | AH29: =+IFERROR((BD_MR_RF[[#This Row],[Valor Extra 1]]/BD_MR_RF[[#This Row],[Muestra]]),"0") -> 0 | AJ29: 0 | AK29: =+IFERROR((BD_MR_RF[[#This Row],[Valor Extra 2]]/BD_MR_RF[[#This Row],[Muestra]]),"0") -> 0 | AL29: 0 | AM29: =+IFERROR((BD_MR_RF[[#This Row],[Calibre >16]]/BD_MR_RF[[#This Row],[Muestra]]),"0") -> 0 | AN29: 0 | AO29: =+IFERROR((BD_MR_RF[[#This Row],[Calibre <16]]/BD_MR_RF[[#This Row],[Muestra]]),"0") -> 0 | AP29: S/A | AQ29: S/A | AR29: S/A | AS29: S/A | AT29: S/A | AU29: S/A | AV29: S/A | AW29: - | AX29: C | AY29: C | AZ29: =SUM(BD_MR_RF[[#This Row],[Desviación de Color]]+BD_MR_RF[[#This Row],[Sobremaduro]]+BD_MR_RF[[#This Row],[Daño Mécanico]]+BD_MR_RF[[#This Row],[Daño Insecto]]+BD_MR_RF[[#This Row],[Block]]+BD_MR_RF[[#This Row],[Mohos]]) -> 90 | BA29: =SUM(BD_MR_RF[[#This Row],[% Desv. Color (≤5%)]]+BD_MR_RF[[#This Row],[% Sobremaduro (≤6%)]]+BD_MR_RF[[#This Row],[% Daño Mécanico (≤6%)]]+BD_MR_RF[[#This Row],[% Daño Insc. (≤5%)]]+BD_MR_RF[[#This Row],[% Block (≤5%)]]+BD_MR_RF[[#This Row],[% Mohos (0%)]]) -> 0.09 | BB29: Producto no pasado por DM | BC29: =1-BD_MR_RF[[#This Row],[% Defectos]] -> 0.91 | BD29: Fernanda Jara | BE29: =SUM(BD_MR_RF[[#This Row],[Palos (Un.) (≤18)]:[Larvas (Un.) (≤24)]]) -> 0 | BF29: =SUM(BD_MR_RF[[#This Row],[Vidrio (Un.) (0)]:[Plástico (Un.) (0)]]) -> 0 | BG29: =IF(ISBLANK(BD_MR_RF[[#This Row],[Descripción del Producto]]),"",BD_MR_RF[[#This Row],[Descripción del Producto]]) -> MO S/V Org. S/C PSP 12 kg en Caja | BH29: =IF(ISBLANK(BD_MR_RF[[#This Row],[N° Lote]]),"",BD_MR_RF[[#This Row],[N° Lote]]) -> 304903 | BI29: =IF(ISBLANK(BD_MR_RF[[#This Row],[N° Pallet]]),"",BD_MR_RF[[#This Row],[N° Pallet]]) -> 49434
A30: 46039 | B30: =_xlfn.ISOWEEKNUM(BD_MR_RF[[#This Row],[Fecha]]) -> 3 | C30: 2 | D30: 3 | E30: 304231000 | F30: =IFERROR("" & _xlfn.XLOOKUP(BD_MR_RF[[#This Row],[Código]],BD_Cod!A:A,BD_Cod!B:B), "") -> MO S/V Org. S/C PSP 12 kg en Caja | G30: =IFERROR(" " &_xlfn.XLOOKUP(BD_MR_RF[[#This Row],[Código]],BD_Cod!A:A,BD_Cod!H:H," ")," ") -> PSP | H30: 49435 | I30: 304903 | J30: 1000 | K30: 0.79861111 | L30: N/A | M30: 12535 | N30: -11.6 | O30: C | P30: C | Q30: =1-BD_MR_RF[[#This Row],[% Defectos]] -> 0.87 | R30: 40 | S30: =+IFERROR((BD_MR_RF[[#This Row],[Desviación de Color]]/BD_MR_RF[[#This Row],[Muestra]]),"0") -> 0.04 | T30: 0 | U30: =+IFERROR((BD_MR_RF[[#This Row],[Sobremaduro]]/BD_MR_RF[[#This Row],[Muestra]]),"0") -> 0 | V30: 0 | W30: =+IFERROR((BD_MR_RF[[#This Row],[Daño Mécanico]]/BD_MR_RF[[#This Row],[Muestra]]),"0") -> 0 | X30: 90 | Y30: =+IFERROR((BD_MR_RF[[#This Row],[Daño Insecto]]/BD_MR_RF[[#This Row],[Muestra]]),"0") -> 0.09 | Z30: 0 | AA30: =+IFERROR((BD_MR_RF[[#This Row],[Block]]/BD_MR_RF[[#This Row],[Muestra]]),"0") -> 0 | AB30: 0 | AC30: =+IFERROR((BD_MR_RF[[#This Row],[Mohos]]/BD_MR_RF[[#This Row],[Muestra]]),"0") -> 0 | AD30: 0 | AE30: 0 | AG30: 0 | AH30: =+IFERROR((BD_MR_RF[[#This Row],[Valor Extra 1]]/BD_MR_RF[[#This Row],[Muestra]]),"0") -> 0 | AJ30: 0 | AK30: =+IFERROR((BD_MR_RF[[#This Row],[Valor Extra 2]]/BD_MR_RF[[#This Row],[Muestra]]),"0") -> 0 | AL30: 0 | AM30: =+IFERROR((BD_MR_RF[[#This Row],[Calibre >16]]/BD_MR_RF[[#This Row],[Muestra]]),"0") -> 0 | AN30: 0 | AO30: =+IFERROR((BD_MR_RF[[#This Row],[Calibre <16]]/BD_MR_RF[[#This Row],[Muestra]]),"0") -> 0 | AP30: S/A | AQ30: S/A | AR30: S/A | AS30: S/A | AT30: S/A | AU30: S/A | AV30: S/A | AW30: - | AX30: C | AY30: C | AZ30: =SUM(BD_MR_RF[[#This Row],[Desviación de Color]]+BD_MR_RF[[#This Row],[Sobremaduro]]+BD_MR_RF[[#This Row],[Daño Mécanico]]+BD_MR_RF[[#This Row],[Daño Insecto]]+BD_MR_RF[[#This Row],[Block]]+BD_MR_RF[[#This Row],[Mohos]]) -> 130 | BA30: =SUM(BD_MR_RF[[#This Row],[% Desv. Color (≤5%)]]+BD_MR_RF[[#This Row],[% Sobremaduro (≤6%)]]+BD_MR_RF[[#This Row],[% Daño Mécanico (≤6%)]]+BD_MR_RF[[#This Row],[% Daño Insc. (≤5%)]]+BD_MR_RF[[#This Row],[% Block (≤5%)]]+BD_MR_RF[[#This Row],[% Mohos (0%)]]) -> 0.13 | BB30: Producto no pasado por DM | BC30: =1-BD_MR_RF[[#This Row],[% Defectos]] -> 0.87 | BD30: Fernanda Jara | BE30: =SUM(BD_MR_RF[[#This Row],[Palos (Un.) (≤18)]:[Larvas (Un.) (≤24)]]) -> 0 | BF30: =SUM(BD_MR_RF[[#This Row],[Vidrio (Un.) (0)]:[Plástico (Un.) (0)]]) -> 0 | BG30: =IF(ISBLANK(BD_MR_RF[[#This Row],[Descripción del Producto]]),"",BD_MR_RF[[#This Row],[Descripción del Producto]]) -> MO S/V Org. S/C PSP 12 kg en Caja | BH30: =IF(ISBLANK(BD_MR_RF[[#This Row],[N° Lote]]),"",BD_MR_RF[[#This Row],[N° Lote]]) -> 304903 | BI30: =IF(ISBLANK(BD_MR_RF[[#This Row],[N° Pallet]]),"",BD_MR_RF[[#This Row],[N° Pallet]]) -> 49435
A31: 46039 | B31: =_xlfn.ISOWEEKNUM(BD_MR_RF[[#This Row],[Fecha]]) -> 3 | C31: 2 | D31: 3 | E31: 304231000 | F31: =IFERROR("" & _xlfn.XLOOKUP(BD_MR_RF[[#This Row],[Código]],BD_Cod!A:A,BD_Cod!B:B), "") -> MO S/V Org. S/C PSP 12 kg en Caja | G31: =IFERROR(" " &_xlfn.XLOOKUP(BD_MR_RF[[#This Row],[Código]],BD_Cod!A:A,BD_Cod!H:H," ")," ") -> PSP | H31: 49436 | I31: 304903 | J31: 1000 | K31: 0.8125 | L31: N/A | M31: 12520 | N31: -12.8 | O31: C | P31: C | Q31: =1-BD_MR_RF[[#This Row],[% Defectos]] -> 0.84 | R31: 90 | S31: =+IFERROR((BD_MR_RF[[#This Row],[Desviación de Color]]/BD_MR_RF[[#This Row],[Muestra]]),"0") -> 0.09 | T31: 0 | U31: =+IFERROR((BD_MR_RF[[#This Row],[Sobremaduro]]/BD_MR_RF[[#This Row],[Muestra]]),"0") -> 0 | V31: 10 | W31: =+IFERROR((BD_MR_RF[[#This Row],[Daño Mécanico]]/BD_MR_RF[[#This Row],[Muestra]]),"0") -> 0.01 | X31: 50 | Y31: =+IFERROR((BD_MR_RF[[#This Row],[Daño Insecto]]/BD_MR_RF[[#This Row],[Muestra]]),"0") -> 0.05 | Z31: 10 | AA31: =+IFERROR((BD_MR_RF[[#This Row],[Block]]/BD_MR_RF[[#This Row],[Muestra]]),"0") -> 0.01 | AB31: 0 | AC31: =+IFERROR((BD_MR_RF[[#This Row],[Mohos]]/BD_MR_RF[[#This Row],[Muestra]]),"0") -> 0 | AD31: 0 | AE31: 0 | AG31: 0 | AH31: =+IFERROR((BD_MR_RF[[#This Row],[Valor Extra 1]]/BD_MR_RF[[#This Row],[Muestra]]),"0") -> 0 | AJ31: 0 | AK31: =+IFERROR((BD_MR_RF[[#This Row],[Valor Extra 2]]/BD_MR_RF[[#This Row],[Muestra]]),"0") -> 0 | AL31: 0 | AM31: =+IFERROR((BD_MR_RF[[#This Row],[Calibre >16]]/BD_MR_RF[[#This Row],[Muestra]]),"0") -> 0 | AN31: 0 | AO31: =+IFERROR((BD_MR_RF[[#This Row],[Calibre <16]]/BD_MR_RF[[#This Row],[Muestra]]),"0") -> 0 | AP31: S/A | AQ31: S/A | AR31: S/A | AS31: S/A | AT31: S/A | AU31: S/A | AV31: S/A | AW31: - | AX31: C | AY31: C | AZ31: =SUM(BD_MR_RF[[#This Row],[Desviación de Color]]+BD_MR_RF[[#This Row],[Sobremaduro]]+BD_MR_RF[[#This Row],[Daño Mécanico]]+BD_MR_RF[[#This Row],[Daño Insecto]]+BD_MR_RF[[#This Row],[Block]]+BD_MR_RF[[#This Row],[Mohos]]) -> 160 | BA31: =SUM(BD_MR_RF[[#This Row],[% Desv. Color (≤5%)]]+BD_MR_RF[[#This Row],[% Sobremaduro (≤6%)]]+BD_MR_RF[[#This Row],[% Daño Mécanico (≤6%)]]+BD_MR_RF[[#This Row],[% Daño Insc. (≤5%)]]+BD_MR_RF[[#This Row],[% Block (≤5%)]]+BD_MR_RF[[#This Row],[% Mohos (0%)]]) -> 0.16 | BB31: Producto no pasado por DM | BC31: =1-BD_MR_RF[[#This Row],[% Defectos]] -> 0.84 | BD31: Fernanda Jara | BE31: =SUM(BD_MR_RF[[#This Row],[Palos (Un.) (≤18)]:[Larvas (Un.) (≤24)]]) -> 0 | BF31: =SUM(BD_MR_RF[[#This Row],[Vidrio (Un.) (0)]:[Plástico (Un.) (0)]]) -> 0 | BG31: =IF(ISBLANK(BD_MR_RF[[#This Row],[Descripción del Producto]]),"",BD_MR_RF[[#This Row],[Descripción del Producto]]) -> MO S/V Org. S/C PSP 12 kg en Caja | BH31: =IF(ISBLANK(BD_MR_RF[[#This Row],[N° Lote]]),"",BD_MR_RF[[#This Row],[N° Lote]]) -> 304903 | BI31: =IF(ISBLANK(BD_MR_RF[[#This Row],[N° Pallet]]),"",BD_MR_RF[[#This Row],[N° Pallet]]) -> 49436
A32: 46039 | B32: =_xlfn.ISOWEEKNUM(BD_MR_RF[[#This Row],[Fecha]]) -> 3 | C32: 2 | D32: 3 | E32: 304231000 | F32: =IFERROR("" & _xlfn.XLOOKUP(BD_MR_RF[[#This Row],[Código]],BD_Cod!A:A,BD_Cod!B:B), "") -> MO S/V Org. S/C PSP 12 kg en Caja | G32: =IFERROR(" " &_xlfn.XLOOKUP(BD_MR_RF[[#This Row],[Código]],BD_Cod!A:A,BD_Cod!H:H," ")," ") -> PSP | H32: 49437 | I32: 304903 | J32: 1000 | K32: 0.90902778 | L32: N/A | M32: 12525 | N32: -12.6 | O32: C | P32: C | Q32: =1-BD_MR_RF[[#This Row],[% Defectos]] -> 0.949 | R32: 0 | S32: =+IFERROR((BD_MR_RF[[#This Row],[Desviación de Color]]/BD_MR_RF[[#This Row],[Muestra]]),"0") -> 0 | T32: 0 | U32: =+IFERROR((BD_MR_RF[[#This Row],[Sobremaduro]]/BD_MR_RF[[#This Row],[Muestra]]),"0") -> 0 | V32: 0 | W32: =+IFERROR((BD_MR_RF[[#This Row],[Daño Mécanico]]/BD_MR_RF[[#This Row],[Muestra]]),"0") -> 0 | X32: 50 | Y32: =+IFERROR((BD_MR_RF[[#This Row],[Daño Insecto]]/BD_MR_RF[[#This Row],[Muestra]]),"0") -> 0.05 | Z32: 0 | AA32: =+IFERROR((BD_MR_RF[[#This Row],[Block]]/BD_MR_RF[[#This Row],[Muestra]]),"0") -> 0 | AB32: 1 | AC32: =+IFERROR((BD_MR_RF[[#This Row],[Mohos]]/BD_MR_RF[[#This Row],[Muestra]]),"0") -> 0.001 | AD32: 0 | AE32: 0 | AG32: 0 | AH32: =+IFERROR((BD_MR_RF[[#This Row],[Valor Extra 1]]/BD_MR_RF[[#This Row],[Muestra]]),"0") -> 0 | AJ32: 0 | AK32: =+IFERROR((BD_MR_RF[[#This Row],[Valor Extra 2]]/BD_MR_RF[[#This Row],[Muestra]]),"0") -> 0 | AL32: 0 | AM32: =+IFERROR((BD_MR_RF[[#This Row],[Calibre >16]]/BD_MR_RF[[#This Row],[Muestra]]),"0") -> 0 | AN32: 0 | AO32: =+IFERROR((BD_MR_RF[[#This Row],[Calibre <16]]/BD_MR_RF[[#This Row],[Muestra]]),"0") -> 0 | AP32: S/A | AQ32: S/A | AR32: S/A | AS32: S/A | AT32: S/A | AU32: S/A | AV32: S/A | AW32: - | AX32: C | AY32: C | AZ32: =SUM(BD_MR_RF[[#This Row],[Desviación de Color]]+BD_MR_RF[[#This Row],[Sobremaduro]]+BD_MR_RF[[#This Row],[Daño Mécanico]]+BD_MR_RF[[#This Row],[Daño Insecto]]+BD_MR_RF[[#This Row],[Block]]+BD_MR_RF[[#This Row],[Mohos]]) -> 51 | BA32: =SUM(BD_MR_RF[[#This Row],[% Desv. Color (≤5%)]]+BD_MR_RF[[#This Row],[% Sobremaduro (≤6%)]]+BD_MR_RF[[#This Row],[% Daño Mécanico (≤6%)]]+BD_MR_RF[[#This Row],[% Daño Insc. (≤5%)]]+BD_MR_RF[[#This Row],[% Block (≤5%)]]+BD_MR_RF[[#This Row],[% Mohos (0%)]]) -> 0.051 | BB32: Producto no pasado por DM | BC32: =1-BD_MR_RF[[#This Row],[% Defectos]] -> 0.949 | BD32: Fernanda Jara | BE32: =SUM(BD_MR_RF[[#This Row],[Palos (Un.) (≤18)]:[Larvas (Un.) (≤24)]]) -> 0 | BF32: =SUM(BD_MR_RF[[#This Row],[Vidrio (Un.) (0)]:[Plástico (Un.) (0)]]) -> 0 | BG32: =IF(ISBLANK(BD_MR_RF[[#This Row],[Descripción del Producto]]),"",BD_MR_RF[[#This Row],[Descripción del Producto]]) -> MO S/V Org. S/C PSP 12 kg en Caja | BH32: =IF(ISBLANK(BD_MR_RF[[#This Row],[N° Lote]]),"",BD_MR_RF[[#This Row],[N° Lote]]) -> 304903 | BI32: =IF(ISBLANK(BD_MR_RF[[#This Row],[N° Pallet]]),"",BD_MR_RF[[#This Row],[N° Pallet]]) -> 49437
B33: =_xlfn.ISOWEEKNUM(BD_MR_RF[[#This Row],[Fecha]]) -> 52 | F33: =IFERROR("" & _xlfn.XLOOKUP(BD_MR_RF[[#This Row],[Código]],BD_Cod!A:A,BD_Cod!B:B), "") | G33: =IFERROR(" " &_xlfn.XLOOKUP(BD_MR_RF[[#This Row],[Código]],BD_Cod!A:A,BD_Cod!H:H," ")," ") | J33: 1000 | L33: N/A | O33: C | P33: C | Q33: =1-BD_MR_RF[[#This Row],[% Defectos]] -> 1 | R33: 0 | S33: =+IFERROR((BD_MR_RF[[#This Row],[Desviación de Color]]/BD_MR_RF[[#This Row],[Muestra]]),"0") -> 0 | T33: 0 | U33: =+IFERROR((BD_MR_RF[[#This Row],[Sobremaduro]]/BD_MR_RF[[#This Row],[Muestra]]),"0") -> 0 | V33: 0 | W33: =+IFERROR((BD_MR_RF[[#This Row],[Daño Mécanico]]/BD_MR_RF[[#This Row],[Muestra]]),"0") -> 0 | X33: 0 | Y33: =+IFERROR((BD_MR_RF[[#This Row],[Daño Insecto]]/BD_MR_RF[[#This Row],[Muestra]]),"0") -> 0 | Z33: 0 | AA33: =+IFERROR((BD_MR_RF[[#This Row],[Block]]/BD_MR_RF[[#This Row],[Muestra]]),"0") -> 0 | AB33: 0 | AC33: =+IFERROR((BD_MR_RF[[#This Row],[Mohos]]/BD_MR_RF[[#This Row],[Muestra]]),"0") -> 0 | AD33: 0 | AE33: 0 | AG33: 0 | AH33: =+IFERROR((BD_MR_RF[[#This Row],[Valor Extra 1]]/BD_MR_RF[[#This Row],[Muestra]]),"0") -> 0 | AJ33: 0 | AK33: =+IFERROR((BD_MR_RF[[#This Row],[Valor Extra 2]]/BD_MR_RF[[#This Row],[Muestra]]),"0") -> 0 | AL33: 0 | AM33: =+IFERROR((BD_MR_RF[[#This Row],[Calibre >16]]/BD_MR_RF[[#This Row],[Muestra]]),"0") -> 0 | AN33: 0 | AO33: =+IFERROR((BD_MR_RF[[#This Row],[Calibre <16]]/BD_MR_RF[[#This Row],[Muestra]]),"0") -> 0 | AW33: - | AX33: C | AY33: C | AZ33: =SUM(BD_MR_RF[[#This Row],[Desviación de Color]]+BD_MR_RF[[#This Row],[Sobremaduro]]+BD_MR_RF[[#This Row],[Daño Mécanico]]+BD_MR_RF[[#This Row],[Daño Insecto]]+BD_MR_RF[[#This Row],[Block]]+BD_MR_RF[[#This Row],[Mohos]]) -> 0 | BA33: =SUM(BD_MR_RF[[#This Row],[% Desv. Color (≤5%)]]+BD_MR_RF[[#This Row],[% Sobremaduro (≤6%)]]+BD_MR_RF[[#This Row],[% Daño Mécanico (≤6%)]]+BD_MR_RF[[#This Row],[% Daño Insc. (≤5%)]]+BD_MR_RF[[#This Row],[% Block (≤5%)]]+BD_MR_RF[[#This Row],[% Mohos (0%)]]) -> 0 | BC33: =1-BD_MR_RF[[#This Row],[% Defectos]] -> 1 | BE33: =SUM(BD_MR_RF[[#This Row],[Palos (Un.) (≤18)]:[Larvas (Un.) (≤24)]]) -> 0 | BF33: =SUM(BD_MR_RF[[#This Row],[Vidrio (Un.) (0)]:[Plástico (Un.) (0)]]) -> 0 | BG33: =IF(ISBLANK(BD_MR_RF[[#This Row],[Descripción del Producto]]),"",BD_MR_RF[[#This Row],[Descripción del Producto]]) | BH33: =IF(ISBLANK(BD_MR_RF[[#This Row],[N° Lote]]),"",BD_MR_RF[[#This Row],[N° Lote]]) | BI33: =IF(ISBLANK(BD_MR_RF[[#This Row],[N° Pallet]]),"",BD_MR_RF[[#This Row],[N° Pallet]])
B34: =_xlfn.ISOWEEKNUM(BD_MR_RF[[#This Row],[Fecha]]) -> 52 | F34: =IFERROR("" & _xlfn.XLOOKUP(BD_MR_RF[[#This Row],[Código]],BD_Cod!A:A,BD_Cod!B:B), "") | G34: =IFERROR(" " &_xlfn.XLOOKUP(BD_MR_RF[[#This Row],[Código]],BD_Cod!A:A,BD_Cod!H:H," ")," ") | J34: 1000 | L34: N/A | O34: C | P34: C | Q34: =1-BD_MR_RF[[#This Row],[% Defectos]] -> 1 | R34: 0 | S34: =+IFERROR((BD_MR_RF[[#This Row],[Desviación de Color]]/BD_MR_RF[[#This Row],[Muestra]]),"0") -> 0 | T34: 0 | U34: =+IFERROR((BD_MR_RF[[#This Row],[Sobremaduro]]/BD_MR_RF[[#This Row],[Muestra]]),"0") -> 0 | V34: 0 | W34: =+IFERROR((BD_MR_RF[[#This Row],[Daño Mécanico]]/BD_MR_RF[[#This Row],[Muestra]]),"0") -> 0 | X34: 0 | Y34: =+IFERROR((BD_MR_RF[[#This Row],[Daño Insecto]]/BD_MR_RF[[#This Row],[Muestra]]),"0") -> 0 | Z34: 0 | AA34: =+IFERROR((BD_MR_RF[[#This Row],[Block]]/BD_MR_RF[[#This Row],[Muestra]]),"0") -> 0 | AB34: 0 | AC34: =+IFERROR((BD_MR_RF[[#This Row],[Mohos]]/BD_MR_RF[[#This Row],[Muestra]]),"0") -> 0 | AD34: 0 | AE34: 0 | AG34: 0 | AH34: =+IFERROR((BD_MR_RF[[#This Row],[Valor Extra 1]]/BD_MR_RF[[#This Row],[Muestra]]),"0") -> 0 | AJ34: 0 | AK34: =+IFERROR((BD_MR_RF[[#This Row],[Valor Extra 2]]/BD_MR_RF[[#This Row],[Muestra]]),"0") -> 0 | AL34: 0 | AM34: =+IFERROR((BD_MR_RF[[#This Row],[Calibre >16]]/BD_MR_RF[[#This Row],[Muestra]]),"0") -> 0 | AN34: 0 | AO34: =+IFERROR((BD_MR_RF[[#This Row],[Calibre <16]]/BD_MR_RF[[#This Row],[Muestra]]),"0") -> 0 | AW34: - | AX34: C | AY34: C | AZ34: =SUM(BD_MR_RF[[#This Row],[Desviación de Color]]+BD_MR_RF[[#This Row],[Sobremaduro]]+BD_MR_RF[[#This Row],[Daño Mécanico]]+BD_MR_RF[[#This Row],[Daño Insecto]]+BD_MR_RF[[#This Row],[Block]]+BD_MR_RF[[#This Row],[Mohos]]) -> 0 | BA34: =SUM(BD_MR_RF[[#This Row],[% Desv. Color (≤5%)]]+BD_MR_RF[[#This Row],[% Sobremaduro (≤6%)]]+BD_MR_RF[[#This Row],[% Daño Mécanico (≤6%)]]+BD_MR_RF[[#This Row],[% Daño Insc. (≤5%)]]+BD_MR_RF[[#This Row],[% Block (≤5%)]]+BD_MR_RF[[#This Row],[% Mohos (0%)]]) -> 0 | BC34: =1-BD_MR_RF[[#This Row],[% Defectos]] -> 1 | BE34: =SUM(BD_MR_RF[[#This Row],[Palos (Un.) (≤18)]:[Larvas (Un.) (≤24)]]) -> 0 | BF34: =SUM(BD_MR_RF[[#This Row],[Vidrio (Un.) (0)]:[Plástico (Un.) (0)]]) -> 0 | BG34: =IF(ISBLANK(BD_MR_RF[[#This Row],[Descripción del Producto]]),"",BD_MR_RF[[#This Row],[Descripción del Producto]]) | BH34: =IF(ISBLANK(BD_MR_RF[[#This Row],[N° Lote]]),"",BD_MR_RF[[#This Row],[N° Lote]]) | BI34: =IF(ISBLANK(BD_MR_RF[[#This Row],[N° Pallet]]),"",BD_MR_RF[[#This Row],[N° Pallet]])
B35: =_xlfn.ISOWEEKNUM(BD_MR_RF[[#This Row],[Fecha]]) -> 52 | F35: =IFERROR("" & _xlfn.XLOOKUP(BD_MR_RF[[#This Row],[Código]],BD_Cod!A:A,BD_Cod!B:B), "") | G35: =IFERROR(" " &_xlfn.XLOOKUP(BD_MR_RF[[#This Row],[Código]],BD_Cod!A:A,BD_Cod!H:H," ")," ") | J35: 1000 | L35: N/A | O35: C | P35: C | Q35: =1-BD_MR_RF[[#This Row],[% Defectos]] -> 1 | R35: 0 | S35: =+IFERROR((BD_MR_RF[[#This Row],[Desviación de Color]]/BD_MR_RF[[#This Row],[Muestra]]),"0") -> 0 | T35: 0 | U35: =+IFERROR((BD_MR_RF[[#This Row],[Sobremaduro]]/BD_MR_RF[[#This Row],[Muestra]]),"0") -> 0 | V35: 0 | W35: =+IFERROR((BD_MR_RF[[#This Row],[Daño Mécanico]]/BD_MR_RF[[#This Row],[Muestra]]),"0") -> 0 | X35: 0 | Y35: =+IFERROR((BD_MR_RF[[#This Row],[Daño Insecto]]/BD_MR_RF[[#This Row],[Muestra]]),"0") -> 0 | Z35: 0 | AA35: =+IFERROR((BD_MR_RF[[#This Row],[Block]]/BD_MR_RF[[#This Row],[Muestra]]),"0") -> 0 | AB35: 0 | AC35: =+IFERROR((BD_MR_RF[[#This Row],[Mohos]]/BD_MR_RF[[#This Row],[Muestra]]),"0") -> 0 | AD35: 0 | AE35: 0 | AG35: 0 | AH35: =+IFERROR((BD_MR_RF[[#This Row],[Valor Extra 1]]/BD_MR_RF[[#This Row],[Muestra]]),"0") -> 0 | AJ35: 0 | AK35: =+IFERROR((BD_MR_RF[[#This Row],[Valor Extra 2]]/BD_MR_RF[[#This Row],[Muestra]]),"0") -> 0 | AL35: 0 | AM35: =+IFERROR((BD_MR_RF[[#This Row],[Calibre >16]]/BD_MR_RF[[#This Row],[Muestra]]),"0") -> 0 | AN35: 0 | AO35: =+IFERROR((BD_MR_RF[[#This Row],[Calibre <16]]/BD_MR_RF[[#This Row],[Muestra]]),"0") -> 0 | AW35: - | AX35: C | AY35: C | AZ35: =SUM(BD_MR_RF[[#This Row],[Desviación de Color]]+BD_MR_RF[[#This Row],[Sobremaduro]]+BD_MR_RF[[#This Row],[Daño Mécanico]]+BD_MR_RF[[#This Row],[Daño Insecto]]+BD_MR_RF[[#This Row],[Block]]+BD_MR_RF[[#This Row],[Mohos]]) -> 0 | BA35: =SUM(BD_MR_RF[[#This Row],[% Desv. Color (≤5%)]]+BD_MR_RF[[#This Row],[% Sobremaduro (≤6%)]]+BD_MR_RF[[#This Row],[% Daño Mécanico (≤6%)]]+BD_MR_RF[[#This Row],[% Daño Insc. (≤5%)]]+BD_MR_RF[[#This Row],[% Block (≤5%)]]+BD_MR_RF[[#This Row],[% Mohos (0%)]]) -> 0 | BC35: =1-BD_MR_RF[[#This Row],[% Defectos]] -> 1 | BE35: =SUM(BD_MR_RF[[#This Row],[Palos (Un.) (≤18)]:[Larvas (Un.) (≤24)]]) -> 0 | BF35: =SUM(BD_MR_RF[[#This Row],[Vidrio (Un.) (0)]:[Plástico (Un.) (0)]]) -> 0 | BG35: =IF(ISBLANK(BD_MR_RF[[#This Row],[Descripción del Producto]]),"",BD_MR_RF[[#This Row],[Descripción del Producto]]) | BH35: =IF(ISBLANK(BD_MR_RF[[#This Row],[N° Lote]]),"",BD_MR_RF[[#This Row],[N° Lote]]) | BI35: =IF(ISBLANK(BD_MR_RF[[#This Row],[N° Pallet]]),"",BD_MR_RF[[#This Row],[N° Pallet]])
B36: =_xlfn.ISOWEEKNUM(BD_MR_RF[[#This Row],[Fecha]]) -> 52 | F36: =IFERROR("" & _xlfn.XLOOKUP(BD_MR_RF[[#This Row],[Código]],BD_Cod!A:A,BD_Cod!B:B), "") | G36: =IFERROR(" " &_xlfn.XLOOKUP(BD_MR_RF[[#This Row],[Código]],BD_Cod!A:A,BD_Cod!H:H," ")," ") | J36: 1000 | L36: N/A | O36: C | P36: C | Q36: =1-BD_MR_RF[[#This Row],[% Defectos]] -> 1 | R36: 0 | S36: =+IFERROR((BD_MR_RF[[#This Row],[Desviación de Color]]/BD_MR_RF[[#This Row],[Muestra]]),"0") -> 0 | T36: 0 | U36: =+IFERROR((BD_MR_RF[[#This Row],[Sobremaduro]]/BD_MR_RF[[#This Row],[Muestra]]),"0") -> 0 | V36: 0 | W36: =+IFERROR((BD_MR_RF[[#This Row],[Daño Mécanico]]/BD_MR_RF[[#This Row],[Muestra]]),"0") -> 0 | X36: 0 | Y36: =+IFERROR((BD_MR_RF[[#This Row],[Daño Insecto]]/BD_MR_RF[[#This Row],[Muestra]]),"0") -> 0 | Z36: 0 | AA36: =+IFERROR((BD_MR_RF[[#This Row],[Block]]/BD_MR_RF[[#This Row],[Muestra]]),"0") -> 0 | AB36: 0 | AC36: =+IFERROR((BD_MR_RF[[#This Row],[Mohos]]/BD_MR_RF[[#This Row],[Muestra]]),"0") -> 0 | AD36: 0 | AE36: 0 | AG36: 0 | AH36: =+IFERROR((BD_MR_RF[[#This Row],[Valor Extra 1]]/BD_MR_RF[[#This Row],[Muestra]]),"0") -> 0 | AJ36: 0 | AK36: =+IFERROR((BD_MR_RF[[#This Row],[Valor Extra 2]]/BD_MR_RF[[#This Row],[Muestra]]),"0") -> 0 | AL36: 0 | AM36: =+IFERROR((BD_MR_RF[[#This Row],[Calibre >16]]/BD_MR_RF[[#This Row],[Muestra]]),"0") -> 0 | AN36: 0 | AO36: =+IFERROR((BD_MR_RF[[#This Row],[Calibre <16]]/BD_MR_RF[[#This Row],[Muestra]]),"0") -> 0 | AW36: - | AX36: C | AY36: C | AZ36: =SUM(BD_MR_RF[[#This Row],[Desviación de Color]]+BD_MR_RF[[#This Row],[Sobremaduro]]+BD_MR_RF[[#This Row],[Daño Mécanico]]+BD_MR_RF[[#This Row],[Daño Insecto]]+BD_MR_RF[[#This Row],[Block]]+BD_MR_RF[[#This Row],[Mohos]]) -> 0 | BA36: =SUM(BD_MR_RF[[#This Row],[% Desv. Color (≤5%)]]+BD_MR_RF[[#This Row],[% Sobremaduro (≤6%)]]+BD_MR_RF[[#This Row],[% Daño Mécanico (≤6%)]]+BD_MR_RF[[#This Row],[% Daño Insc. (≤5%)]]+BD_MR_RF[[#This Row],[% Block (≤5%)]]+BD_MR_RF[[#This Row],[% Mohos (0%)]]) -> 0 | BC36: =1-BD_MR_RF[[#This Row],[% Defectos]] -> 1 | BE36: =SUM(BD_MR_RF[[#This Row],[Palos (Un.) (≤18)]:[Larvas (Un.) (≤24)]]) -> 0 | BF36: =SUM(BD_MR_RF[[#This Row],[Vidrio (Un.) (0)]:[Plástico (Un.) (0)]]) -> 0 | BG36: =IF(ISBLANK(BD_MR_RF[[#This Row],[Descripción del Producto]]),"",BD_MR_RF[[#This Row],[Descripción del Producto]]) | BH36: =IF(ISBLANK(BD_MR_RF[[#This Row],[N° Lote]]),"",BD_MR_RF[[#This Row],[N° Lote]]) | BI36: =IF(ISBLANK(BD_MR_RF[[#This Row],[N° Pallet]]),"",BD_MR_RF[[#This Row],[N° Pallet]])
B37: =_xlfn.ISOWEEKNUM(BD_MR_RF[[#This Row],[Fecha]]) -> 52 | F37: =IFERROR("" & _xlfn.XLOOKUP(BD_MR_RF[[#This Row],[Código]],BD_Cod!A:A,BD_Cod!B:B), "") | G37: =IFERROR(" " &_xlfn.XLOOKUP(BD_MR_RF[[#This Row],[Código]],BD_Cod!A:A,BD_Cod!H:H," ")," ") | J37: 1000 | L37: N/A | O37: C | P37: C | Q37: =1-BD_MR_RF[[#This Row],[% Defectos]] -> 1 | R37: 0 | S37: =+IFERROR((BD_MR_RF[[#This Row],[Desviación de Color]]/BD_MR_RF[[#This Row],[Muestra]]),"0") -> 0 | T37: 0 | U37: =+IFERROR((BD_MR_RF[[#This Row],[Sobremaduro]]/BD_MR_RF[[#This Row],[Muestra]]),"0") -> 0 | V37: 0 | W37: =+IFERROR((BD_MR_RF[[#This Row],[Daño Mécanico]]/BD_MR_RF[[#This Row],[Muestra]]),"0") -> 0 | X37: 0 | Y37: =+IFERROR((BD_MR_RF[[#This Row],[Daño Insecto]]/BD_MR_RF[[#This Row],[Muestra]]),"0") -> 0 | Z37: 0 | AA37: =+IFERROR((BD_MR_RF[[#This Row],[Block]]/BD_MR_RF[[#This Row],[Muestra]]),"0") -> 0 | AB37: 0 | AC37: =+IFERROR((BD_MR_RF[[#This Row],[Mohos]]/BD_MR_RF[[#This Row],[Muestra]]),"0") -> 0 | AD37: 0 | AE37: 0 | AG37: 0 | AH37: =+IFERROR((BD_MR_RF[[#This Row],[Valor Extra 1]]/BD_MR_RF[[#This Row],[Muestra]]),"0") -> 0 | AJ37: 0 | AK37: =+IFERROR((BD_MR_RF[[#This Row],[Valor Extra 2]]/BD_MR_RF[[#This Row],[Muestra]]),"0") -> 0 | AL37: 0 | AM37: =+IFERROR((BD_MR_RF[[#This Row],[Calibre >16]]/BD_MR_RF[[#This Row],[Muestra]]),"0") -> 0 | AN37: 0 | AO37: =+IFERROR((BD_MR_RF[[#This Row],[Calibre <16]]/BD_MR_RF[[#This Row],[Muestra]]),"0") -> 0 | AW37: - | AX37: C | AY37: C | AZ37: =SUM(BD_MR_RF[[#This Row],[Desviación de Color]]+BD_MR_RF[[#This Row],[Sobremaduro]]+BD_MR_RF[[#This Row],[Daño Mécanico]]+BD_MR_RF[[#This Row],[Daño Insecto]]+BD_MR_RF[[#This Row],[Block]]+BD_MR_RF[[#This Row],[Mohos]]) -> 0 | BA37: =SUM(BD_MR_RF[[#This Row],[% Desv. Color (≤5%)]]+BD_MR_RF[[#This Row],[% Sobremaduro (≤6%)]]+BD_MR_RF[[#This Row],[% Daño Mécanico (≤6%)]]+BD_MR_RF[[#This Row],[% Daño Insc. (≤5%)]]+BD_MR_RF[[#This Row],[% Block (≤5%)]]+BD_MR_RF[[#This Row],[% Mohos (0%)]]) -> 0 | BC37: =1-BD_MR_RF[[#This Row],[% Defectos]] -> 1 | BE37: =SUM(BD_MR_RF[[#This Row],[Palos (Un.) (≤18)]:[Larvas (Un.) (≤24)]]) -> 0 | BF37: =SUM(BD_MR_RF[[#This Row],[Vidrio (Un.) (0)]:[Plástico (Un.) (0)]]) -> 0 | BG37: =IF(ISBLANK(BD_MR_RF[[#This Row],[Descripción del Producto]]),"",BD_MR_RF[[#This Row],[Descripción del Producto]]) | BH37: =IF(ISBLANK(BD_MR_RF[[#This Row],[N° Lote]]),"",BD_MR_RF[[#This Row],[N° Lote]]) | BI37: =IF(ISBLANK(BD_MR_RF[[#This Row],[N° Pallet]]),"",BD_MR_RF[[#This Row],[N° Pallet]])
B38: =_xlfn.ISOWEEKNUM(BD_MR_RF[[#This Row],[Fecha]]) -> 52 | F38: =IFERROR("" & _xlfn.XLOOKUP(BD_MR_RF[[#This Row],[Código]],BD_Cod!A:A,BD_Cod!B:B), "") | G38: =IFERROR(" " &_xlfn.XLOOKUP(BD_MR_RF[[#This Row],[Código]],BD_Cod!A:A,BD_Cod!H:H," ")," ") | J38: 1000 | L38: N/A | O38: C | P38: C | Q38: =1-BD_MR_RF[[#This Row],[% Defectos]] -> 1 | R38: 0 | S38: =+IFERROR((BD_MR_RF[[#This Row],[Desviación de Color]]/BD_MR_RF[[#This Row],[Muestra]]),"0") -> 0 | T38: 0 | U38: =+IFERROR((BD_MR_RF[[#This Row],[Sobremaduro]]/BD_MR_RF[[#This Row],[Muestra]]),"0") -> 0 | V38: 0 | W38: =+IFERROR((BD_MR_RF[[#This Row],[Daño Mécanico]]/BD_MR_RF[[#This Row],[Muestra]]),"0") -> 0 | X38: 0 | Y38: =+IFERROR((BD_MR_RF[[#This Row],[Daño Insecto]]/BD_MR_RF[[#This Row],[Muestra]]),"0") -> 0 | Z38: 0 | AA38: =+IFERROR((BD_MR_RF[[#This Row],[Block]]/BD_MR_RF[[#This Row],[Muestra]]),"0") -> 0 | AB38: 0 | AC38: =+IFERROR((BD_MR_RF[[#This Row],[Mohos]]/BD_MR_RF[[#This Row],[Muestra]]),"0") -> 0 | AD38: 0 | AE38: 0 | AG38: 0 | AH38: =+IFERROR((BD_MR_RF[[#This Row],[Valor Extra 1]]/BD_MR_RF[[#This Row],[Muestra]]),"0") -> 0 | AJ38: 0 | AK38: =+IFERROR((BD_MR_RF[[#This Row],[Valor Extra 2]]/BD_MR_RF[[#This Row],[Muestra]]),"0") -> 0 | AL38: 0 | AM38: =+IFERROR((BD_MR_RF[[#This Row],[Calibre >16]]/BD_MR_RF[[#This Row],[Muestra]]),"0") -> 0 | AN38: 0 | AO38: =+IFERROR((BD_MR_RF[[#This Row],[Calibre <16]]/BD_MR_RF[[#This Row],[Muestra]]),"0") -> 0 | AW38: - | AX38: C | AY38: C | AZ38: =SUM(BD_MR_RF[[#This Row],[Desviación de Color]]+BD_MR_RF[[#This Row],[Sobremaduro]]+BD_MR_RF[[#This Row],[Daño Mécanico]]+BD_MR_RF[[#This Row],[Daño Insecto]]+BD_MR_RF[[#This Row],[Block]]+BD_MR_RF[[#This Row],[Mohos]]) -> 0 | BA38: =SUM(BD_MR_RF[[#This Row],[% Desv. Color (≤5%)]]+BD_MR_RF[[#This Row],[% Sobremaduro (≤6%)]]+BD_MR_RF[[#This Row],[% Daño Mécanico (≤6%)]]+BD_MR_RF[[#This Row],[% Daño Insc. (≤5%)]]+BD_MR_RF[[#This Row],[% Block (≤5%)]]+BD_MR_RF[[#This Row],[% Mohos (0%)]]) -> 0 | BC38: =1-BD_MR_RF[[#This Row],[% Defectos]] -> 1 | BE38: =SUM(BD_MR_RF[[#This Row],[Palos (Un.) (≤18)]:[Larvas (Un.) (≤24)]]) -> 0 | BF38: =SUM(BD_MR_RF[[#This Row],[Vidrio (Un.) (0)]:[Plástico (Un.) (0)]]) -> 0 | BG38: =IF(ISBLANK(BD_MR_RF[[#This Row],[Descripción del Producto]]),"",BD_MR_RF[[#This Row],[Descripción del Producto]]) | BH38: =IF(ISBLANK(BD_MR_RF[[#This Row],[N° Lote]]),"",BD_MR_RF[[#This Row],[N° Lote]]) | BI38: =IF(ISBLANK(BD_MR_RF[[#This Row],[N° Pallet]]),"",BD_MR_RF[[#This Row],[N° Pallet]])
B39: =_xlfn.ISOWEEKNUM(BD_MR_RF[[#This Row],[Fecha]]) -> 52 | F39: =IFERROR("" & _xlfn.XLOOKUP(BD_MR_RF[[#This Row],[Código]],BD_Cod!A:A,BD_Cod!B:B), "") | G39: =IFERROR(" " &_xlfn.XLOOKUP(BD_MR_RF[[#This Row],[Código]],BD_Cod!A:A,BD_Cod!H:H," ")," ") | J39: 1000 | L39: N/A | O39: C | P39: C | Q39: =1-BD_MR_RF[[#This Row],[% Defectos]] -> 1 | R39: 0 | S39: =+IFERROR((BD_MR_RF[[#This Row],[Desviación de Color]]/BD_MR_RF[[#This Row],[Muestra]]),"0") -> 0 | T39: 0 | U39: =+IFERROR((BD_MR_RF[[#This Row],[Sobremaduro]]/BD_MR_RF[[#This Row],[Muestra]]),"0") -> 0 | V39: 0 | W39: =+IFERROR((BD_MR_RF[[#This Row],[Daño Mécanico]]/BD_MR_RF[[#This Row],[Muestra]]),"0") -> 0 | X39: 0 | Y39: =+IFERROR((BD_MR_RF[[#This Row],[Daño Insecto]]/BD_MR_RF[[#This Row],[Muestra]]),"0") -> 0 | Z39: 0 | AA39: =+IFERROR((BD_MR_RF[[#This Row],[Block]]/BD_MR_RF[[#This Row],[Muestra]]),"0") -> 0 | AB39: 0 | AC39: =+IFERROR((BD_MR_RF[[#This Row],[Mohos]]/BD_MR_RF[[#This Row],[Muestra]]),"0") -> 0 | AD39: 0 | AE39: 0 | AG39: 0 | AH39: =+IFERROR((BD_MR_RF[[#This Row],[Valor Extra 1]]/BD_MR_RF[[#This Row],[Muestra]]),"0") -> 0 | AJ39: 0 | AK39: =+IFERROR((BD_MR_RF[[#This Row],[Valor Extra 2]]/BD_MR_RF[[#This Row],[Muestra]]),"0") -> 0 | AL39: 0 | AM39: =+IFERROR((BD_MR_RF[[#This Row],[Calibre >16]]/BD_MR_RF[[#This Row],[Muestra]]),"0") -> 0 | AN39: 0 | AO39: =+IFERROR((BD_MR_RF[[#This Row],[Calibre <16]]/BD_MR_RF[[#This Row],[Muestra]]),"0") -> 0 | AW39: - | AX39: C | AY39: C | AZ39: =SUM(BD_MR_RF[[#This Row],[Desviación de Color]]+BD_MR_RF[[#This Row],[Sobremaduro]]+BD_MR_RF[[#This Row],[Daño Mécanico]]+BD_MR_RF[[#This Row],[Daño Insecto]]+BD_MR_RF[[#This Row],[Block]]+BD_MR_RF[[#This Row],[Mohos]]) -> 0 | BA39: =SUM(BD_MR_RF[[#This Row],[% Desv. Color (≤5%)]]+BD_MR_RF[[#This Row],[% Sobremaduro (≤6%)]]+BD_MR_RF[[#This Row],[% Daño Mécanico (≤6%)]]+BD_MR_RF[[#This Row],[% Daño Insc. (≤5%)]]+BD_MR_RF[[#This Row],[% Block (≤5%)]]+BD_MR_RF[[#This Row],[% Mohos (0%)]]) -> 0 | BC39: =1-BD_MR_RF[[#This Row],[% Defectos]] -> 1 | BE39: =SUM(BD_MR_RF[[#This Row],[Palos (Un.) (≤18)]:[Larvas (Un.) (≤24)]]) -> 0 | BF39: =SUM(BD_MR_RF[[#This Row],[Vidrio (Un.) (0)]:[Plástico (Un.) (0)]]) -> 0 | BG39: =IF(ISBLANK(BD_MR_RF[[#This Row],[Descripción del Producto]]),"",BD_MR_RF[[#This Row],[Descripción del Producto]]) | BH39: =IF(ISBLANK(BD_MR_RF[[#This Row],[N° Lote]]),"",BD_MR_RF[[#This Row],[N° Lote]]) | BI39: =IF(ISBLANK(BD_MR_RF[[#This Row],[N° Pallet]]),"",BD_MR_RF[[#This Row],[N° Pallet]])
B40: =_xlfn.ISOWEEKNUM(BD_MR_RF[[#This Row],[Fecha]]) -> 52 | F40: =IFERROR("" & _xlfn.XLOOKUP(BD_MR_RF[[#This Row],[Código]],BD_Cod!A:A,BD_Cod!B:B), "") | G40: =IFERROR(" " &_xlfn.XLOOKUP(BD_MR_RF[[#This Row],[Código]],BD_Cod!A:A,BD_Cod!H:H," ")," ") | J40: 1000 | L40: N/A | O40: C | P40: C | Q40: =1-BD_MR_RF[[#This Row],[% Defectos]] -> 1 | R40: 0 | S40: =+IFERROR((BD_MR_RF[[#This Row],[Desviación de Color]]/BD_MR_RF[[#This Row],[Muestra]]),"0") -> 0 | T40: 0 | U40: =+IFERROR((BD_MR_RF[[#This Row],[Sobremaduro]]/BD_MR_RF[[#This Row],[Muestra]]),"0") -> 0 | V40: 0 | W40: =+IFERROR((BD_MR_RF[[#This Row],[Daño Mécanico]]/BD_MR_RF[[#This Row],[Muestra]]),"0") -> 0 | X40: 0 | Y40: =+IFERROR((BD_MR_RF[[#This Row],[Daño Insecto]]/BD_MR_RF[[#This Row],[Muestra]]),"0") -> 0 | Z40: 0 | AA40: =+IFERROR((BD_MR_RF[[#This Row],[Block]]/BD_MR_RF[[#This Row],[Muestra]]),"0") -> 0 | AB40: 0 | AC40: =+IFERROR((BD_MR_RF[[#This Row],[Mohos]]/BD_MR_RF[[#This Row],[Muestra]]),"0") -> 0 | AD40: 0 | AE40: 0 | AG40: 0 | AH40: =+IFERROR((BD_MR_RF[[#This Row],[Valor Extra 1]]/BD_MR_RF[[#This Row],[Muestra]]),"0") -> 0 | AJ40: 0 | AK40: =+IFERROR((BD_MR_RF[[#This Row],[Valor Extra 2]]/BD_MR_RF[[#This Row],[Muestra]]),"0") -> 0 | AL40: 0 | AM40: =+IFERROR((BD_MR_RF[[#This Row],[Calibre >16]]/BD_MR_RF[[#This Row],[Muestra]]),"0") -> 0 | AN40: 0 | AO40: =+IFERROR((BD_MR_RF[[#This Row],[Calibre <16]]/BD_MR_RF[[#This Row],[Muestra]]),"0") -> 0 | AW40: - | AX40: C | AY40: C | AZ40: =SUM(BD_MR_RF[[#This Row],[Desviación de Color]]+BD_MR_RF[[#This Row],[Sobremaduro]]+BD_MR_RF[[#This Row],[Daño Mécanico]]+BD_MR_RF[[#This Row],[Daño Insecto]]+BD_MR_RF[[#This Row],[Block]]+BD_MR_RF[[#This Row],[Mohos]]) -> 0 | BA40: =SUM(BD_MR_RF[[#This Row],[% Desv. Color (≤5%)]]+BD_MR_RF[[#This Row],[% Sobremaduro (≤6%)]]+BD_MR_RF[[#This Row],[% Daño Mécanico (≤6%)]]+BD_MR_RF[[#This Row],[% Daño Insc. (≤5%)]]+BD_MR_RF[[#This Row],[% Block (≤5%)]]+BD_MR_RF[[#This Row],[% Mohos (0%)]]) -> 0 | BC40: =1-BD_MR_RF[[#This Row],[% Defectos]] -> 1 | BE40: =SUM(BD_MR_RF[[#This Row],[Palos (Un.) (≤18)]:[Larvas (Un.) (≤24)]]) -> 0 | BF40: =SUM(BD_MR_RF[[#This Row],[Vidrio (Un.) (0)]:[Plástico (Un.) (0)]]) -> 0 | BG40: =IF(ISBLANK(BD_MR_RF[[#This Row],[Descripción del Producto]]),"",BD_MR_RF[[#This Row],[Descripción del Producto]]) | BH40: =IF(ISBLANK(BD_MR_RF[[#This Row],[N° Lote]]),"",BD_MR_RF[[#This Row],[N° Lote]]) | BI40: =IF(ISBLANK(BD_MR_RF[[#This Row],[N° Pallet]]),"",BD_MR_RF[[#This Row],[N° Pallet]])
B41: =_xlfn.ISOWEEKNUM(BD_MR_RF[[#This Row],[Fecha]]) -> 52 | F41: =IFERROR("" & _xlfn.XLOOKUP(BD_MR_RF[[#This Row],[Código]],BD_Cod!A:A,BD_Cod!B:B), "") | G41: =IFERROR(" " &_xlfn.XLOOKUP(BD_MR_RF[[#This Row],[Código]],BD_Cod!A:A,BD_Cod!H:H," ")," ") | J41: 1000 | L41: N/A | O41: C | P41: C | Q41: =1-BD_MR_RF[[#This Row],[% Defectos]] -> 1 | R41: 0 | S41: =+IFERROR((BD_MR_RF[[#This Row],[Desviación de Color]]/BD_MR_RF[[#This Row],[Muestra]]),"0") -> 0 | T41: 0 | U41: =+IFERROR((BD_MR_RF[[#This Row],[Sobremaduro]]/BD_MR_RF[[#This Row],[Muestra]]),"0") -> 0 | V41: 0 | W41: =+IFERROR((BD_MR_RF[[#This Row],[Daño Mécanico]]/BD_MR_RF[[#This Row],[Muestra]]),"0") -> 0 | X41: 0 | Y41: =+IFERROR((BD_MR_RF[[#This Row],[Daño Insecto]]/BD_MR_RF[[#This Row],[Muestra]]),"0") -> 0 | Z41: 0 | AA41: =+IFERROR((BD_MR_RF[[#This Row],[Block]]/BD_MR_RF[[#This Row],[Muestra]]),"0") -> 0 | AB41: 0 | AC41: =+IFERROR((BD_MR_RF[[#This Row],[Mohos]]/BD_MR_RF[[#This Row],[Muestra]]),"0") -> 0 | AD41: 0 | AE41: 0 | AG41: 0 | AH41: =+IFERROR((BD_MR_RF[[#This Row],[Valor Extra 1]]/BD_MR_RF[[#This Row],[Muestra]]),"0") -> 0 | AJ41: 0 | AK41: =+IFERROR((BD_MR_RF[[#This Row],[Valor Extra 2]]/BD_MR_RF[[#This Row],[Muestra]]),"0") -> 0 | AL41: 0 | AM41: =+IFERROR((BD_MR_RF[[#This Row],[Calibre >16]]/BD_MR_RF[[#This Row],[Muestra]]),"0") -> 0 | AN41: 0 | AO41: =+IFERROR((BD_MR_RF[[#This Row],[Calibre <16]]/BD_MR_RF[[#This Row],[Muestra]]),"0") -> 0 | AW41: - | AX41: C | AY41: C | AZ41: =SUM(BD_MR_RF[[#This Row],[Desviación de Color]]+BD_MR_RF[[#This Row],[Sobremaduro]]+BD_MR_RF[[#This Row],[Daño Mécanico]]+BD_MR_RF[[#This Row],[Daño Insecto]]+BD_MR_RF[[#This Row],[Block]]+BD_MR_RF[[#This Row],[Mohos]]) -> 0 | BA41: =SUM(BD_MR_RF[[#This Row],[% Desv. Color (≤5%)]]+BD_MR_RF[[#This Row],[% Sobremaduro (≤6%)]]+BD_MR_RF[[#This Row],[% Daño Mécanico (≤6%)]]+BD_MR_RF[[#This Row],[% Daño Insc. (≤5%)]]+BD_MR_RF[[#This Row],[% Block (≤5%)]]+BD_MR_RF[[#This Row],[% Mohos (0%)]]) -> 0 | BC41: =1-BD_MR_RF[[#This Row],[% Defectos]] -> 1 | BE41: =SUM(BD_MR_RF[[#This Row],[Palos (Un.) (≤18)]:[Larvas (Un.) (≤24)]]) -> 0 | BF41: =SUM(BD_MR_RF[[#This Row],[Vidrio (Un.) (0)]:[Plástico (Un.) (0)]]) -> 0 | BG41: =IF(ISBLANK(BD_MR_RF[[#This Row],[Descripción del Producto]]),"",BD_MR_RF[[#This Row],[Descripción del Producto]]) | BH41: =IF(ISBLANK(BD_MR_RF[[#This Row],[N° Lote]]),"",BD_MR_RF[[#This Row],[N° Lote]]) | BI41: =IF(ISBLANK(BD_MR_RF[[#This Row],[N° Pallet]]),"",BD_MR_RF[[#This Row],[N° Pallet]])
B42: =_xlfn.ISOWEEKNUM(BD_MR_RF[[#This Row],[Fecha]]) -> 52 | F42: =IFERROR("" & _xlfn.XLOOKUP(BD_MR_RF[[#This Row],[Código]],BD_Cod!A:A,BD_Cod!B:B), "") | G42: =IFERROR(" " &_xlfn.XLOOKUP(BD_MR_RF[[#This Row],[Código]],BD_Cod!A:A,BD_Cod!H:H," ")," ") | J42: 1000 | L42: N/A | O42: C | P42: C | Q42: =1-BD_MR_RF[[#This Row],[% Defectos]] -> 1 | R42: 0 | S42: =+IFERROR((BD_MR_RF[[#This Row],[Desviación de Color]]/BD_MR_RF[[#This Row],[Muestra]]),"0") -> 0 | T42: 0 | U42: =+IFERROR((BD_MR_RF[[#This Row],[Sobremaduro]]/BD_MR_RF[[#This Row],[Muestra]]),"0") -> 0 | V42: 0 | W42: =+IFERROR((BD_MR_RF[[#This Row],[Daño Mécanico]]/BD_MR_RF[[#This Row],[Muestra]]),"0") -> 0 | X42: 0 | Y42: =+IFERROR((BD_MR_RF[[#This Row],[Daño Insecto]]/BD_MR_RF[[#This Row],[Muestra]]),"0") -> 0 | Z42: 0 | AA42: =+IFERROR((BD_MR_RF[[#This Row],[Block]]/BD_MR_RF[[#This Row],[Muestra]]),"0") -> 0 | AB42: 0 | AC42: =+IFERROR((BD_MR_RF[[#This Row],[Mohos]]/BD_MR_RF[[#This Row],[Muestra]]),"0") -> 0 | AD42: 0 | AE42: 0 | AG42: 0 | AH42: =+IFERROR((BD_MR_RF[[#This Row],[Valor Extra 1]]/BD_MR_RF[[#This Row],[Muestra]]),"0") -> 0 | AJ42: 0 | AK42: =+IFERROR((BD_MR_RF[[#This Row],[Valor Extra 2]]/BD_MR_RF[[#This Row],[Muestra]]),"0") -> 0 | AL42: 0 | AM42: =+IFERROR((BD_MR_RF[[#This Row],[Calibre >16]]/BD_MR_RF[[#This Row],[Muestra]]),"0") -> 0 | AN42: 0 | AO42: =+IFERROR((BD_MR_RF[[#This Row],[Calibre <16]]/BD_MR_RF[[#This Row],[Muestra]]),"0") -> 0 | AW42: - | AX42: C | AY42: C | AZ42: =SUM(BD_MR_RF[[#This Row],[Desviación de Color]]+BD_MR_RF[[#This Row],[Sobremaduro]]+BD_MR_RF[[#This Row],[Daño Mécanico]]+BD_MR_RF[[#This Row],[Daño Insecto]]+BD_MR_RF[[#This Row],[Block]]+BD_MR_RF[[#This Row],[Mohos]]) -> 0 | BA42: =SUM(BD_MR_RF[[#This Row],[% Desv. Color (≤5%)]]+BD_MR_RF[[#This Row],[% Sobremaduro (≤6%)]]+BD_MR_RF[[#This Row],[% Daño Mécanico (≤6%)]]+BD_MR_RF[[#This Row],[% Daño Insc. (≤5%)]]+BD_MR_RF[[#This Row],[% Block (≤5%)]]+BD_MR_RF[[#This Row],[% Mohos (0%)]]) -> 0 | BC42: =1-BD_MR_RF[[#This Row],[% Defectos]] -> 1 | BE42: =SUM(BD_MR_RF[[#This Row],[Palos (Un.) (≤18)]:[Larvas (Un.) (≤24)]]) -> 0 | BF42: =SUM(BD_MR_RF[[#This Row],[Vidrio (Un.) (0)]:[Plástico (Un.) (0)]]) -> 0 | BG42: =IF(ISBLANK(BD_MR_RF[[#This Row],[Descripción del Producto]]),"",BD_MR_RF[[#This Row],[Descripción del Producto]]) | BH42: =IF(ISBLANK(BD_MR_RF[[#This Row],[N° Lote]]),"",BD_MR_RF[[#This Row],[N° Lote]]) | BI42: =IF(ISBLANK(BD_MR_RF[[#This Row],[N° Pallet]]),"",BD_MR_RF[[#This Row],[N° Pallet]])
B43: =_xlfn.ISOWEEKNUM(BD_MR_RF[[#This Row],[Fecha]]) -> 52 | F43: =IFERROR("" & _xlfn.XLOOKUP(BD_MR_RF[[#This Row],[Código]],BD_Cod!A:A,BD_Cod!B:B), "") | G43: =IFERROR(" " &_xlfn.XLOOKUP(BD_MR_RF[[#This Row],[Código]],BD_Cod!A:A,BD_Cod!H:H," ")," ") | J43: 1000 | L43: N/A | O43: C | P43: C | Q43: =1-BD_MR_RF[[#This Row],[% Defectos]] -> 1 | R43: 0 | S43: =+IFERROR((BD_MR_RF[[#This Row],[Desviación de Color]]/BD_MR_RF[[#This Row],[Muestra]]),"0") -> 0 | T43: 0 | U43: =+IFERROR((BD_MR_RF[[#This Row],[Sobremaduro]]/BD_MR_RF[[#This Row],[Muestra]]),"0") -> 0 | V43: 0 | W43: =+IFERROR((BD_MR_RF[[#This Row],[Daño Mécanico]]/BD_MR_RF[[#This Row],[Muestra]]),"0") -> 0 | X43: 0 | Y43: =+IFERROR((BD_MR_RF[[#This Row],[Daño Insecto]]/BD_MR_RF[[#This Row],[Muestra]]),"0") -> 0 | Z43: 0 | AA43: =+IFERROR((BD_MR_RF[[#This Row],[Block]]/BD_MR_RF[[#This Row],[Muestra]]),"0") -> 0 | AB43: 0 | AC43: =+IFERROR((BD_MR_RF[[#This Row],[Mohos]]/BD_MR_RF[[#This Row],[Muestra]]),"0") -> 0 | AD43: 0 | AE43: 0 | AG43: 0 | AH43: =+IFERROR((BD_MR_RF[[#This Row],[Valor Extra 1]]/BD_MR_RF[[#This Row],[Muestra]]),"0") -> 0 | AJ43: 0 | AK43: =+IFERROR((BD_MR_RF[[#This Row],[Valor Extra 2]]/BD_MR_RF[[#This Row],[Muestra]]),"0") -> 0 | AL43: 0 | AM43: =+IFERROR((BD_MR_RF[[#This Row],[Calibre >16]]/BD_MR_RF[[#This Row],[Muestra]]),"0") -> 0 | AN43: 0 | AO43: =+IFERROR((BD_MR_RF[[#This Row],[Calibre <16]]/BD_MR_RF[[#This Row],[Muestra]]),"0") -> 0 | AW43: - | AX43: C | AY43: C | AZ43: =SUM(BD_MR_RF[[#This Row],[Desviación de Color]]+BD_MR_RF[[#This Row],[Sobremaduro]]+BD_MR_RF[[#This Row],[Daño Mécanico]]+BD_MR_RF[[#This Row],[Daño Insecto]]+BD_MR_RF[[#This Row],[Block]]+BD_MR_RF[[#This Row],[Mohos]]) -> 0 | BA43: =SUM(BD_MR_RF[[#This Row],[% Desv. Color (≤5%)]]+BD_MR_RF[[#This Row],[% Sobremaduro (≤6%)]]+BD_MR_RF[[#This Row],[% Daño Mécanico (≤6%)]]+BD_MR_RF[[#This Row],[% Daño Insc. (≤5%)]]+BD_MR_RF[[#This Row],[% Block (≤5%)]]+BD_MR_RF[[#This Row],[% Mohos (0%)]]) -> 0 | BC43: =1-BD_MR_RF[[#This Row],[% Defectos]] -> 1 | BE43: =SUM(BD_MR_RF[[#This Row],[Palos (Un.) (≤18)]:[Larvas (Un.) (≤24)]]) -> 0 | BF43: =SUM(BD_MR_RF[[#This Row],[Vidrio (Un.) (0)]:[Plástico (Un.) (0)]]) -> 0 | BG43: =IF(ISBLANK(BD_MR_RF[[#This Row],[Descripción del Producto]]),"",BD_MR_RF[[#This Row],[Descripción del Producto]]) | BH43: =IF(ISBLANK(BD_MR_RF[[#This Row],[N° Lote]]),"",BD_MR_RF[[#This Row],[N° Lote]]) | BI43: =IF(ISBLANK(BD_MR_RF[[#This Row],[N° Pallet]]),"",BD_MR_RF[[#This Row],[N° Pallet]])
B44: =_xlfn.ISOWEEKNUM(BD_MR_RF[[#This Row],[Fecha]]) -> 52 | F44: =IFERROR("" & _xlfn.XLOOKUP(BD_MR_RF[[#This Row],[Código]],BD_Cod!A:A,BD_Cod!B:B), "") | G44: =IFERROR(" " &_xlfn.XLOOKUP(BD_MR_RF[[#This Row],[Código]],BD_Cod!A:A,BD_Cod!H:H," ")," ") | J44: 1000 | L44: N/A | O44: C | P44: C | Q44: =1-BD_MR_RF[[#This Row],[% Defectos]] -> 1 | R44: 0 | S44: =+IFERROR((BD_MR_RF[[#This Row],[Desviación de Color]]/BD_MR_RF[[#This Row],[Muestra]]),"0") -> 0 | T44: 0 | U44: =+IFERROR((BD_MR_RF[[#This Row],[Sobremaduro]]/BD_MR_RF[[#This Row],[Muestra]]),"0") -> 0 | V44: 0 | W44: =+IFERROR((BD_MR_RF[[#This Row],[Daño Mécanico]]/BD_MR_RF[[#This Row],[Muestra]]),"0") -> 0 | X44: 0 | Y44: =+IFERROR((BD_MR_RF[[#This Row],[Daño Insecto]]/BD_MR_RF[[#This Row],[Muestra]]),"0") -> 0 | Z44: 0 | AA44: =+IFERROR((BD_MR_RF[[#This Row],[Block]]/BD_MR_RF[[#This Row],[Muestra]]),"0") -> 0 | AB44: 0 | AC44: =+IFERROR((BD_MR_RF[[#This Row],[Mohos]]/BD_MR_RF[[#This Row],[Muestra]]),"0") -> 0 | AD44: 0 | AE44: 0 | AG44: 0 | AH44: =+IFERROR((BD_MR_RF[[#This Row],[Valor Extra 1]]/BD_MR_RF[[#This Row],[Muestra]]),"0") -> 0 | AJ44: 0 | AK44: =+IFERROR((BD_MR_RF[[#This Row],[Valor Extra 2]]/BD_MR_RF[[#This Row],[Muestra]]),"0") -> 0 | AL44: 0 | AM44: =+IFERROR((BD_MR_RF[[#This Row],[Calibre >16]]/BD_MR_RF[[#This Row],[Muestra]]),"0") -> 0 | AN44: 0 | AO44: =+IFERROR((BD_MR_RF[[#This Row],[Calibre <16]]/BD_MR_RF[[#This Row],[Muestra]]),"0") -> 0 | AW44: - | AX44: C | AY44: C | AZ44: =SUM(BD_MR_RF[[#This Row],[Desviación de Color]]+BD_MR_RF[[#This Row],[Sobremaduro]]+BD_MR_RF[[#This Row],[Daño Mécanico]]+BD_MR_RF[[#This Row],[Daño Insecto]]+BD_MR_RF[[#This Row],[Block]]+BD_MR_RF[[#This Row],[Mohos]]) -> 0 | BA44: =SUM(BD_MR_RF[[#This Row],[% Desv. Color (≤5%)]]+BD_MR_RF[[#This Row],[% Sobremaduro (≤6%)]]+BD_MR_RF[[#This Row],[% Daño Mécanico (≤6%)]]+BD_MR_RF[[#This Row],[% Daño Insc. (≤5%)]]+BD_MR_RF[[#This Row],[% Block (≤5%)]]+BD_MR_RF[[#This Row],[% Mohos (0%)]]) -> 0 | BC44: =1-BD_MR_RF[[#This Row],[% Defectos]] -> 1 | BE44: =SUM(BD_MR_RF[[#This Row],[Palos (Un.) (≤18)]:[Larvas (Un.) (≤24)]]) -> 0 | BF44: =SUM(BD_MR_RF[[#This Row],[Vidrio (Un.) (0)]:[Plástico (Un.) (0)]]) -> 0 | BG44: =IF(ISBLANK(BD_MR_RF[[#This Row],[Descripción del Producto]]),"",BD_MR_RF[[#This Row],[Descripción del Producto]]) | BH44: =IF(ISBLANK(BD_MR_RF[[#This Row],[N° Lote]]),"",BD_MR_RF[[#This Row],[N° Lote]]) | BI44: =IF(ISBLANK(BD_MR_RF[[#This Row],[N° Pallet]]),"",BD_MR_RF[[#This Row],[N° Pallet]])
... B91: =_xlfn.ISOWEEKNUM(BD_MR_RF[[#This Row],[Fecha]]) -> 52 | F91: =IFERROR("" & _xlfn.XLOOKUP(BD_MR_RF[[#This Row],[Código]],BD_Cod!A:A,BD_Cod!B:B), "") | G91: =IFERROR(" " &_xlfn.XLOOKUP(BD_MR_RF[[#This Row],[Código]],BD_Cod!A:A,BD_Cod!H:H," ")," ") | J91: 1000 | L91: N/A | O91: C | P91: C | Q91: =1-BD_MR_RF[[#This Row],[% Defectos]] -> 1 | R91: 0 | S91: =+IFERROR((BD_MR_RF[[#This Row],[Desviación de Color]]/BD_MR_RF[[#This Row],[Muestra]]),"0") -> 0 | T91: 0 | U91: =+IFERROR((BD_MR_RF[[#This Row],[Sobremaduro]]/BD_MR_RF[[#This Row],[Muestra]]),"0") -> 0 | V91: 0 | W91: =+IFERROR((BD_MR_RF[[#This Row],[Daño Mécanico]]/BD_MR_RF[[#This Row],[Muestra]]),"0") -> 0 | X91: 0 | Y91: =+IFERROR((BD_MR_RF[[#This Row],[Daño Insecto]]/BD_MR_RF[[#This Row],[Muestra]]),"0") -> 0 | Z91: 0 | AA91: =+IFERROR((BD_MR_RF[[#This Row],[Block]]/BD_MR_RF[[#This Row],[Muestra]]),"0") -> 0 | AB91: 0 | AC91: =+IFERROR((BD_MR_RF[[#This Row],[Mohos]]/BD_MR_RF[[#This Row],[Muestra]]),"0") -> 0 | AD91: 0 | AE91: 0 | AG91: 0 | AH91: =+IFERROR((BD_MR_RF[[#This Row],[Valor Extra 1]]/BD_MR_RF[[#This Row],[Muestra]]),"0") -> 0 | AJ91: 0 | AK91: =+IFERROR((BD_MR_RF[[#This Row],[Valor Extra 2]]/BD_MR_RF[[#This Row],[Muestra]]),"0") -> 0 | AL91: 0 | AM91: =+IFERROR((BD_MR_RF[[#This Row],[Calibre >16]]/BD_MR_RF[[#This Row],[Muestra]]),"0") -> 0 | AN91: 0 | AO91: =+IFERROR((BD_MR_RF[[#This Row],[Calibre <16]]/BD_MR_RF[[#This Row],[Muestra]]),"0") -> 0 | AW91: - | AX91: C | AY91: C | AZ91: =SUM(BD_MR_RF[[#This Row],[Desviación de Color]]+BD_MR_RF[[#This Row],[Sobremaduro]]+BD_MR_RF[[#This Row],[Daño Mécanico]]+BD_MR_RF[[#This Row],[Daño Insecto]]+BD_MR_RF[[#This Row],[Block]]+BD_MR_RF[[#This Row],[Mohos]]) -> 0 | BA91: =SUM(BD_MR_RF[[#This Row],[% Desv. Color (≤5%)]]+BD_MR_RF[[#This Row],[% Sobremaduro (≤6%)]]+BD_MR_RF[[#This Row],[% Daño Mécanico (≤6%)]]+BD_MR_RF[[#This Row],[% Daño Insc. (≤5%)]]+BD_MR_RF[[#This Row],[% Block (≤5%)]]+BD_MR_RF[[#This Row],[% Mohos (0%)]]) -> 0 | BC91: =1-BD_MR_RF[[#This Row],[% Defectos]] -> 1 | BE91: =SUM(BD_MR_RF[[#This Row],[Palos (Un.) (≤18)]:[Larvas (Un.) (≤24)]]) -> 0 | BF91: =SUM(BD_MR_RF[[#This Row],[Vidrio (Un.) (0)]:[Plástico (Un.) (0)]]) -> 0 | BG91: =IF(ISBLANK(BD_MR_RF[[#This Row],[Descripción del Producto]]),"",BD_MR_RF[[#This Row],[Descripción del Producto]]) | BH91: =IF(ISBLANK(BD_MR_RF[[#This Row],[N° Lote]]),"",BD_MR_RF[[#This Row],[N° Lote]]) | BI91: =IF(ISBLANK(BD_MR_RF[[#This Row],[N° Pallet]]),"",BD_MR_RF[[#This Row],[N° Pallet]])

Sheet B.D.(Frío Food)
A1: Fecha | B1: Semana | C1: Turno | D1: Sala | E1: Código | F1: Descripción del Producto | G1: Familia Calidad | H1: N° Pallet | I1: N° Lote | J1: Muestra | K1: Hora Monitoreo | L1: Peso Bolsa | M1: Peso Caja P.T. | N1: T° Prod. | O1: Sellado Bolsa | P1: Sellado Caja | Q1: % de IQF | R1: Desviación de Color | S1: % Desv. Color (≤5%) | T1: Sobremaduro | U1: % Sobremaduro (≤6%) | V1: Daño Mécanico | W1: % Daño Mécanico (≤6%) | X1: Daño Insecto | Y1: % Daño Insc. (≤5%) | Z1: Block | AA1: % Block (≤5%) | AB1: Mohos | AC1: % Mohos (0%) | AD1: Caliz (Und.) (≤2) | AE1: Larvas (Und.) | AF1: Descripción extra 1 | AG1: Valor Extra 1 | AH1: % Extra 1 | AI1: Descripción Extra 2 | AJ1: Valor Extra 2 | AK1: % Extra 2 | AL1: Calibre >16 | AM1: % >16 | AN1: Calibre <16 | AO1: % <16 | AP1: Palos (Un.) (≤18) | AQ1: Caliz (Un.) (≤18) | AR1: Hojas (Un.) (≤18) | AS1: Larvas (Un.) (≤24) | AT1: Vidrio (Un.) (0) | AU1: Madera (Un.) (0) | AV1: Plástico (Un.) (0) | AW1: °Brix (≥8°) | AX1: Sabor | AY1: Olor | AZ1: Suma Defectos | BA1: % Defectos | BB1: Observaciones | BC1: % IQF | BD1: Nombre del/la Análista | BE1: Mat. Extr. Endo. | BF1: Mat. Extr. Exo. | BG1: Filtro Producto | BH1: Filtro Lote | BI1: Filtro Pallet
A2: 46072 | B2: =_xlfn.ISOWEEKNUM(BD_MR_FF[[#This Row],[Fecha]]) -> 8 | C2: 2 | D2: 1 | E2: 404221000 | F2: =IFERROR("" & _xlfn.XLOOKUP(BD_MR_FF[[#This Row],[Código]],BD_Cod!A:A,BD_Cod!B:B), "") -> MO S/V Org. IQF A 13,61 kg en caja | G2: =IFERROR(" " &_xlfn.XLOOKUP(BD_MR_FF[[#This Row],[Código]],BD_Cod!A:A,BD_Cod!H:H," ")," ") -> PTT | H2: 37472 | I2: 11681 | J2: 1000 | K2: 0.70833333 | L2: N/A | M2: 14163 | N2: -14.2 | O2: C | P2: C | Q2: =1-BD_MR_FF[[#This Row],[% Defectos]] -> 0.913 | R2: 86 | S2: =+IFERROR((BD_MR_FF[[#This Row],[Desviación de Color]]/BD_MR_FF[[#This Row],[Muestra]]),"0") -> 0.086 | T2: 1 | U2: =+IFERROR((BD_MR_FF[[#This Row],[Sobremaduro]]/BD_MR_FF[[#This Row],[Muestra]]),"0") -> 0.001 | V2: 0 | W2: =+IFERROR((BD_MR_FF[[#This Row],[Daño Mécanico]]/BD_MR_FF[[#This Row],[Muestra]]),"0") -> 0 | X2: 0 | Y2: =+IFERROR((BD_MR_FF[[#This Row],[Daño Insecto]]/BD_MR_FF[[#This Row],[Muestra]]),"0") -> 0 | Z2: 0 | AA2: =+IFERROR((BD_MR_FF[[#This Row],[Block]]/BD_MR_FF[[#This Row],[Muestra]]),"0") -> 0 | AB2: 0 | AC2: =+IFERROR((BD_MR_FF[[#This Row],[Mohos]]/BD_MR_FF[[#This Row],[Muestra]]),"0") -> 0 | AD2: 0 | AE2: 0 | AG2: 0 | AH2: =+IFERROR((BD_MR_FF[[#This Row],[Valor Extra 1]]/BD_MR_FF[[#This Row],[Muestra]]),"0") -> 0 | AJ2: 0 | AK2: =+IFERROR((BD_MR_FF[[#This Row],[Valor Extra 2]]/BD_MR_FF[[#This Row],[Muestra]]),"0") -> 0 | AL2: 0 | AM2: =+IFERROR((BD_MR_FF[[#This Row],[Calibre >16]]/BD_MR_FF[[#This Row],[Muestra]]),"0") -> 0 | AN2: 0 | AO2: =+IFERROR((BD_MR_FF[[#This Row],[Calibre <16]]/BD_MR_FF[[#This Row],[Muestra]]),"0") -> 0 | AP2: S/A | AQ2: S/A | AR2: S/A | AS2: S/A | AT2: S/A | AU2: S/A | AV2: S/A | AW2: 9.4 | AX2: C | AY2: C | AZ2: =SUM(BD_MR_FF[[#This Row],[Desviación de Color]]+BD_MR_FF[[#This Row],[Sobremaduro]]+BD_MR_FF[[#This Row],[Daño Mécanico]]+BD_MR_FF[[#This Row],[Daño Insecto]]+BD_MR_FF[[#This Row],[Block]]+BD_MR_FF[[#This Row],[Mohos]]) -> 87 | BA2: =SUM(BD_MR_FF[[#This Row],[% Desv. Color (≤5%)]]+BD_MR_FF[[#This Row],[% Sobremaduro (≤6%)]]+BD_MR_FF[[#This Row],[% Daño Mécanico (≤6%)]]+BD_MR_FF[[#This Row],[% Daño Insc. (≤5%)]]+BD_MR_FF[[#This Row],[% Block (≤5%)]]+BD_MR_FF[[#This Row],[% Mohos (0%)]]) -> 0.087 | BB2: 8,6% desviación de color. Se da aviso a supervisora. | BC2: =1-BD_MR_FF[[#This Row],[% Defectos]] -> 0.913 | BD2: Tonka Irarrazabal | BE2: =SUM(BD_MR_FF[[#This Row],[Palos (Un.) (≤18)]:[Larvas (Un.) (≤24)]]) -> 0 | BF2: =SUM(BD_MR_FF[[#This Row],[Vidrio (Un.) (0)]:[Plástico (Un.) (0)]]) -> 0 | BG2: =IF(ISBLANK(BD_MR_FF[[#This Row],[Descripción del Producto]]),"",BD_MR_FF[[#This Row],[Descripción del Producto]]) -> MO S/V Org. IQF A 13,61 kg en caja | BH2: =IF(ISBLANK(BD_MR_FF[[#This Row],[N° Lote]]),"",BD_MR_FF[[#This Row],[N° Lote]]) -> 11681 | BI2: =IF(ISBLANK(BD_MR_FF[[#This Row],[N° Pallet]]),"",BD_MR_FF[[#This Row],[N° Pallet]]) -> 37472
A3: 46072 | B3: =_xlfn.ISOWEEKNUM(BD_MR_FF[[#This Row],[Fecha]]) -> 8 | C3: 2 | D3: 1 | E3: 404221000 | F3: =IFERROR("" & _xlfn.XLOOKUP(BD_MR_FF[[#This Row],[Código]],BD_Cod!A:A,BD_Cod!B:B), "") -> MO S/V Org. IQF A 13,61 kg en caja | G3: =IFERROR(" " &_xlfn.XLOOKUP(BD_MR_FF[[#This Row],[Código]],BD_Cod!A:A,BD_Cod!H:H," ")," ") -> PTT | H3: 37473 | I3: 11681 | J3: 1000 | K3: 0.76041667 | L3: N/A | M3: 14162 | N3: -13.1 | O3: C | P3: C | Q3: =1-BD_MR_FF[[#This Row],[% Defectos]] -> 0.884 | R3: 91 | S3: =+IFERROR((BD_MR_FF[[#This Row],[Desviación de Color]]/BD_MR_FF[[#This Row],[Muestra]]),"0") -> 0.091 | T3: 0 | U3: =+IFERROR((BD_MR_FF[[#This Row],[Sobremaduro]]/BD_MR_FF[[#This Row],[Muestra]]),"0") -> 0 | V3: 24 | W3: =+IFERROR((BD_MR_FF[[#This Row],[Daño Mécanico]]/BD_MR_FF[[#This Row],[Muestra]]),"0") -> 0.024 | X3: 1 | Y3: =+IFERROR((BD_MR_FF[[#This Row],[Daño Insecto]]/BD_MR_FF[[#This Row],[Muestra]]),"0") -> 0.001 | Z3: 0 | AA3: =+IFERROR((BD_MR_FF[[#This Row],[Block]]/BD_MR_FF[[#This Row],[Muestra]]),"0") -> 0 | AB3: 0 | AC3: =+IFERROR((BD_MR_FF[[#This Row],[Mohos]]/BD_MR_FF[[#This Row],[Muestra]]),"0") -> 0 | AD3: 0 | AE3: 0 | AG3: 0 | AH3: =+IFERROR((BD_MR_FF[[#This Row],[Valor Extra 1]]/BD_MR_FF[[#This Row],[Muestra]]),"0") -> 0 | AJ3: 0 | AK3: =+IFERROR((BD_MR_FF[[#This Row],[Valor Extra 2]]/BD_MR_FF[[#This Row],[Muestra]]),"0") -> 0 | AL3: 0 | AM3: =+IFERROR((BD_MR_FF[[#This Row],[Calibre >16]]/BD_MR_FF[[#This Row],[Muestra]]),"0") -> 0 | AN3: 0 | AO3: =+IFERROR((BD_MR_FF[[#This Row],[Calibre <16]]/BD_MR_FF[[#This Row],[Muestra]]),"0") -> 0 | AP3: S/A | AQ3: S/A | AR3: S/A | AS3: S/A | AT3: S/A | AU3: S/A | AV3: S/A | AW3: 9.6 | AX3: C | AY3: C | AZ3: =SUM(BD_MR_FF[[#This Row],[Desviación de Color]]+BD_MR_FF[[#This Row],[Sobremaduro]]+BD_MR_FF[[#This Row],[Daño Mécanico]]+BD_MR_FF[[#This Row],[Daño Insecto]]+BD_MR_FF[[#This Row],[Block]]+BD_MR_FF[[#This Row],[Mohos]]) -> 116 | BA3: =SUM(BD_MR_FF[[#This Row],[% Desv. Color (≤5%)]]+BD_MR_FF[[#This Row],[% Sobremaduro (≤6%)]]+BD_MR_FF[[#This Row],[% Daño Mécanico (≤6%)]]+BD_MR_FF[[#This Row],[% Daño Insc. (≤5%)]]+BD_MR_FF[[#This Row],[% Block (≤5%)]]+BD_MR_FF[[#This Row],[% Mohos (0%)]]) -> 0.116 | BB3: 9,1% desviación de color. Se da aviso a supervisora | BC3: =1-BD_MR_FF[[#This Row],[% Defectos]] -> 0.884 | BD3: Tonka Irarrazabal | BE3: =SUM(BD_MR_FF[[#This Row],[Palos (Un.) (≤18)]:[Larvas (Un.) (≤24)]]) -> 0 | BF3: =SUM(BD_MR_FF[[#This Row],[Vidrio (Un.) (0)]:[Plástico (Un.) (0)]]) -> 0 | BG3: =IF(ISBLANK(BD_MR_FF[[#This Row],[Descripción del Producto]]),"",BD_MR_FF[[#This Row],[Descripción del Producto]]) -> MO S/V Org. IQF A 13,61 kg en caja | BH3: =IF(ISBLANK(BD_MR_FF[[#This Row],[N° Lote]]),"",BD_MR_FF[[#This Row],[N° Lote]]) -> 11681 | BI3: =IF(ISBLANK(BD_MR_FF[[#This Row],[N° Pallet]]),"",BD_MR_FF[[#This Row],[N° Pallet]]) -> 37473
A4: 46072 | B4: =_xlfn.ISOWEEKNUM(BD_MR_FF[[#This Row],[Fecha]]) -> 8 | C4: 2 | D4: 1 | E4: 404221000 | F4: =IFERROR("" & _xlfn.XLOOKUP(BD_MR_FF[[#This Row],[Código]],BD_Cod!A:A,BD_Cod!B:B), "") -> MO S/V Org. IQF A 13,61 kg en caja | G4: =IFERROR(" " &_xlfn.XLOOKUP(BD_MR_FF[[#This Row],[Código]],BD_Cod!A:A,BD_Cod!H:H," ")," ") -> PTT | H4: 37473 | I4: 11681 | J4: 1000 | K4: 0.79166667 | L4: N/A | M4: 14160 | N4: -12.1 | O4: C | P4: C | Q4: =1-BD_MR_FF[[#This Row],[% Defectos]] -> 0.919 | R4: 72 | S4: =+IFERROR((BD_MR_FF[[#This Row],[Desviación de Color]]/BD_MR_FF[[#This Row],[Muestra]]),"0") -> 0.072 | T4: 5 | U4: =+IFERROR((BD_MR_FF[[#This Row],[Sobremaduro]]/BD_MR_FF[[#This Row],[Muestra]]),"0") -> 0.005 | V4: 4 | W4: =+IFERROR((BD_MR_FF[[#This Row],[Daño Mécanico]]/BD_MR_FF[[#This Row],[Muestra]]),"0") -> 0.004 | X4: 0 | Y4: =+IFERROR((BD_MR_FF[[#This Row],[Daño Insecto]]/BD_MR_FF[[#This Row],[Muestra]]),"0") -> 0 | Z4: 0 | AA4: =+IFERROR((BD_MR_FF[[#This Row],[Block]]/BD_MR_FF[[#This Row],[Muestra]]),"0") -> 0 | AB4: 0 | AC4: =+IFERROR((BD_MR_FF[[#This Row],[Mohos]]/BD_MR_FF[[#This Row],[Muestra]]),"0") -> 0 | AD4: 0 | AE4: 0 | AG4: 0 | AH4: =+IFERROR((BD_MR_FF[[#This Row],[Valor Extra 1]]/BD_MR_FF[[#This Row],[Muestra]]),"0") -> 0 | AJ4: 0 | AK4: =+IFERROR((BD_MR_FF[[#This Row],[Valor Extra 2]]/BD_MR_FF[[#This Row],[Muestra]]),"0") -> 0 | AL4: 0 | AM4: =+IFERROR((BD_MR_FF[[#This Row],[Calibre >16]]/BD_MR_FF[[#This Row],[Muestra]]),"0") -> 0 | AN4: 0 | AO4: =+IFERROR((BD_MR_FF[[#This Row],[Calibre <16]]/BD_MR_FF[[#This Row],[Muestra]]),"0") -> 0 | AP4: S/A | AQ4: S/A | AR4: S/A | AS4: S/A | AT4: S/A | AU4: S/A | AV4: S/A | AW4: 9.7 | AX4: C | AY4: C | AZ4: =SUM(BD_MR_FF[[#This Row],[Desviación de Color]]+BD_MR_FF[[#This Row],[Sobremaduro]]+BD_MR_FF[[#This Row],[Daño Mécanico]]+BD_MR_FF[[#This Row],[Daño Insecto]]+BD_MR_FF[[#This Row],[Block]]+BD_MR_FF[[#This Row],[Mohos]]) -> 81 | BA4: =SUM(BD_MR_FF[[#This Row],[% Desv. Color (≤5%)]]+BD_MR_FF[[#This Row],[% Sobremaduro (≤6%)]]+BD_MR_FF[[#This Row],[% Daño Mécanico (≤6%)]]+BD_MR_FF[[#This Row],[% Daño Insc. (≤5%)]]+BD_MR_FF[[#This Row],[% Block (≤5%)]]+BD_MR_FF[[#This Row],[% Mohos (0%)]]) -> 0.081 | BB4: S/O | BC4: =1-BD_MR_FF[[#This Row],[% Defectos]] -> 0.919 | BD4: Tonka Irarrazabal | BE4: =SUM(BD_MR_FF[[#This Row],[Palos (Un.) (≤18)]:[Larvas (Un.) (≤24)]]) -> 0 | BF4: =SUM(BD_MR_FF[[#This Row],[Vidrio (Un.) (0)]:[Plástico (Un.) (0)]]) -> 0 | BG4: =IF(ISBLANK(BD_MR_FF[[#This Row],[Descripción del Producto]]),"",BD_MR_FF[[#This Row],[Descripción del Producto]]) -> MO S/V Org. IQF A 13,61 kg en caja | BH4: =IF(ISBLANK(BD_MR_FF[[#This Row],[N° Lote]]),"",BD_MR_FF[[#This Row],[N° Lote]]) -> 11681 | BI4: =IF(ISBLANK(BD_MR_FF[[#This Row],[N° Pallet]]),"",BD_MR_FF[[#This Row],[N° Pallet]]) -> 37473
A5: 46072 | B5: =_xlfn.ISOWEEKNUM(BD_MR_FF[[#This Row],[Fecha]]) -> 8 | C5: 2 | D5: 1 | E5: 404221000 | F5: =IFERROR("" & _xlfn.XLOOKUP(BD_MR_FF[[#This Row],[Código]],BD_Cod!A:A,BD_Cod!B:B), "") -> MO S/V Org. IQF A 13,61 kg en caja | G5: =IFERROR(" " &_xlfn.XLOOKUP(BD_MR_FF[[#This Row],[Código]],BD_Cod!A:A,BD_Cod!H:H," ")," ") -> PTT | H5: 37859 | I5: 11681 | J5: 1000 | K5: 0.81458333 | L5: N/A | M5: 14163 | N5: -10.5 | O5: C | P5: C | Q5: =1-BD_MR_FF[[#This Row],[% Defectos]] -> 0.886 | R5: 81 | S5: =+IFERROR((BD_MR_FF[[#This Row],[Desviación de Color]]/BD_MR_FF[[#This Row],[Muestra]]),"0") -> 0.081 | T5: 4 | U5: =+IFERROR((BD_MR_FF[[#This Row],[Sobremaduro]]/BD_MR_FF[[#This Row],[Muestra]]),"0") -> 0.004 | V5: 11 | W5: =+IFERROR((BD_MR_FF[[#This Row],[Daño Mécanico]]/BD_MR_FF[[#This Row],[Muestra]]),"0") -> 0.011 | X5: 18 | Y5: =+IFERROR((BD_MR_FF[[#This Row],[Daño Insecto]]/BD_MR_FF[[#This Row],[Muestra]]),"0") -> 0.018 | Z5: 0 | AA5: =+IFERROR((BD_MR_FF[[#This Row],[Block]]/BD_MR_FF[[#This Row],[Muestra]]),"0") -> 0 | AB5: 0 | AC5: =+IFERROR((BD_MR_FF[[#This Row],[Mohos]]/BD_MR_FF[[#This Row],[Muestra]]),"0") -> 0 | AD5: 0 | AE5: 5 | AG5: 0 | AH5: =+IFERROR((BD_MR_FF[[#This Row],[Valor Extra 1]]/BD_MR_FF[[#This Row],[Muestra]]),"0") -> 0 | AJ5: 0 | AK5: =+IFERROR((BD_MR_FF[[#This Row],[Valor Extra 2]]/BD_MR_FF[[#This Row],[Muestra]]),"0") -> 0 | AL5: 0 | AM5: =+IFERROR((BD_MR_FF[[#This Row],[Calibre >16]]/BD_MR_FF[[#This Row],[Muestra]]),"0") -> 0 | AN5: 0 | AO5: =+IFERROR((BD_MR_FF[[#This Row],[Calibre <16]]/BD_MR_FF[[#This Row],[Muestra]]),"0") -> 0 | AP5: S/A | AQ5: S/A | AR5: S/A | AS5: S/A | AT5: S/A | AU5: S/A | AV5: S/A | AW5: 9.3 | AX5: C | AY5: C | AZ5: =SUM(BD_MR_FF[[#This Row],[Desviación de Color]]+BD_MR_FF[[#This Row],[Sobremaduro]]+BD_MR_FF[[#This Row],[Daño Mécanico]]+BD_MR_FF[[#This Row],[Daño Insecto]]+BD_MR_FF[[#This Row],[Block]]+BD_MR_FF[[#This Row],[Mohos]]) -> 114 | BA5: =SUM(BD_MR_FF[[#This Row],[% Desv. Color (≤5%)]]+BD_MR_FF[[#This Row],[% Sobremaduro (≤6%)]]+BD_MR_FF[[#This Row],[% Daño Mécanico (≤6%)]]+BD_MR_FF[[#This Row],[% Daño Insc. (≤5%)]]+BD_MR_FF[[#This Row],[% Block (≤5%)]]+BD_MR_FF[[#This Row],[% Mohos (0%)]]) -> 0.114 | BB5: S/O | BC5: =1-BD_MR_FF[[#This Row],[% Defectos]] -> 0.886 | BD5: Tonka Irarrazabal | BE5: =SUM(BD_MR_FF[[#This Row],[Palos (Un.) (≤18)]:[Larvas (Un.) (≤24)]]) -> 0 | BF5: =SUM(BD_MR_FF[[#This Row],[Vidrio (Un.) (0)]:[Plástico (Un.) (0)]]) -> 0 | BG5: =IF(ISBLANK(BD_MR_FF[[#This Row],[Descripción del Producto]]),"",BD_MR_FF[[#This Row],[Descripción del Producto]]) -> MO S/V Org. IQF A 13,61 kg en caja | BH5: =IF(ISBLANK(BD_MR_FF[[#This Row],[N° Lote]]),"",BD_MR_FF[[#This Row],[N° Lote]]) -> 11681 | BI5: =IF(ISBLANK(BD_MR_FF[[#This Row],[N° Pallet]]),"",BD_MR_FF[[#This Row],[N° Pallet]]) -> 37859
A6: 46072 | B6: =_xlfn.ISOWEEKNUM(BD_MR_FF[[#This Row],[Fecha]]) -> 8 | C6: 2 | D6: 1 | E6: 404221000 | F6: =IFERROR("" & _xlfn.XLOOKUP(BD_MR_FF[[#This Row],[Código]],BD_Cod!A:A,BD_Cod!B:B), "") -> MO S/V Org. IQF A 13,61 kg en caja | G6: =IFERROR(" " &_xlfn.XLOOKUP(BD_MR_FF[[#This Row],[Código]],BD_Cod!A:A,BD_Cod!H:H," ")," ") -> PTT | H6: 37859 | I6: 11681 | J6: 1000 | K6: 0.83333333 | L6: N/A | M6: 14161 | N6: -14.3 | O6: C | P6: C | Q6: =1-BD_MR_FF[[#This Row],[% Defectos]] -> 0.854 | R6: 48 | S6: =+IFERROR((BD_MR_FF[[#This Row],[Desviación de Color]]/BD_MR_FF[[#This Row],[Muestra]]),"0") -> 0.048 | T6: 0 | U6: =+IFERROR((BD_MR_FF[[#This Row],[Sobremaduro]]/BD_MR_FF[[#This Row],[Muestra]]),"0") -> 0 | V6: 0 | W6: =+IFERROR((BD_MR_FF[[#This Row],[Daño Mécanico]]/BD_MR_FF[[#This Row],[Muestra]]),"0") -> 0 | X6: 98 | Y6: =+IFERROR((BD_MR_FF[[#This Row],[Daño Insecto]]/BD_MR_FF[[#This Row],[Muestra]]),"0") -> 0.098 | Z6: 0 | AA6: =+IFERROR((BD_MR_FF[[#This Row],[Block]]/BD_MR_FF[[#This Row],[Muestra]]),"0") -> 0 | AB6: 0 | AC6: =+IFERROR((BD_MR_FF[[#This Row],[Mohos]]/BD_MR_FF[[#This Row],[Muestra]]),"0") -> 0 | AD6: 0 | AE6: 0 | AG6: 0 | AH6: =+IFERROR((BD_MR_FF[[#This Row],[Valor Extra 1]]/BD_MR_FF[[#This Row],[Muestra]]),"0") -> 0 | AJ6: 0 | AK6: =+IFERROR((BD_MR_FF[[#This Row],[Valor Extra 2]]/BD_MR_FF[[#This Row],[Muestra]]),"0") -> 0 | AL6: 0 | AM6: =+IFERROR((BD_MR_FF[[#This Row],[Calibre >16]]/BD_MR_FF[[#This Row],[Muestra]]),"0") -> 0 | AN6: 0 | AO6: =+IFERROR((BD_MR_FF[[#This Row],[Calibre <16]]/BD_MR_FF[[#This Row],[Muestra]]),"0") -> 0 | AP6: S/A | AQ6: S/A | AR6: S/A | AS6: S/A | AT6: S/A | AU6: S/A | AV6: S/A | AW6: 10 | AX6: C | AY6: C | AZ6: =SUM(BD_MR_FF[[#This Row],[Desviación de Color]]+BD_MR_FF[[#This Row],[Sobremaduro]]+BD_MR_FF[[#This Row],[Daño Mécanico]]+BD_MR_FF[[#This Row],[Daño Insecto]]+BD_MR_FF[[#This Row],[Block]]+BD_MR_FF[[#This Row],[Mohos]]) -> 146 | BA6: =SUM(BD_MR_FF[[#This Row],[% Desv. Color (≤5%)]]+BD_MR_FF[[#This Row],[% Sobremaduro (≤6%)]]+BD_MR_FF[[#This Row],[% Daño Mécanico (≤6%)]]+BD_MR_FF[[#This Row],[% Daño Insc. (≤5%)]]+BD_MR_FF[[#This Row],[% Block (≤5%)]]+BD_MR_FF[[#This Row],[% Mohos (0%)]]) -> 0.146 | BB6: S/O | BC6: =1-BD_MR_FF[[#This Row],[% Defectos]] -> 0.854 | BD6: Tonka Irarrazabal | BE6: =SUM(BD_MR_FF[[#This Row],[Palos (Un.) (≤18)]:[Larvas (Un.) (≤24)]]) -> 0 | BF6: =SUM(BD_MR_FF[[#This Row],[Vidrio (Un.) (0)]:[Plástico (Un.) (0)]]) -> 0 | BG6: =IF(ISBLANK(BD_MR_FF[[#This Row],[Descripción del Producto]]),"",BD_MR_FF[[#This Row],[Descripción del Producto]]) -> MO S/V Org. IQF A 13,61 kg en caja | BH6: =IF(ISBLANK(BD_MR_FF[[#This Row],[N° Lote]]),"",BD_MR_FF[[#This Row],[N° Lote]]) -> 11681 | BI6: =IF(ISBLANK(BD_MR_FF[[#This Row],[N° Pallet]]),"",BD_MR_FF[[#This Row],[N° Pallet]]) -> 37859
A7: 46072 | B7: =_xlfn.ISOWEEKNUM(BD_MR_FF[[#This Row],[Fecha]]) -> 8 | C7: 2 | D7: 1 | E7: 404221000 | F7: =IFERROR("" & _xlfn.XLOOKUP(BD_MR_FF[[#This Row],[Código]],BD_Cod!A:A,BD_Cod!B:B), "") -> MO S/V Org. IQF A 13,61 kg en caja | G7: =IFERROR(" " &_xlfn.XLOOKUP(BD_MR_FF[[#This Row],[Código]],BD_Cod!A:A,BD_Cod!H:H," ")," ") -> PTT | H7: 37860 | I7: 11681 | J7: 1000 | K7: 0.92430556 | L7: N/A | M7: 14160 | N7: -13 | O7: C | P7: C | Q7: =1-BD_MR_FF[[#This Row],[% Defectos]] -> 0.955 | R7: 42 | S7: =+IFERROR((BD_MR_FF[[#This Row],[Desviación de Color]]/BD_MR_FF[[#This Row],[Muestra]]),"0") -> 0.042 | T7: 0 | U7: =+IFERROR((BD_MR_FF[[#This Row],[Sobremaduro]]/BD_MR_FF[[#This Row],[Muestra]]),"0") -> 0 | V7: 1 | W7: =+IFERROR((BD_MR_FF[[#This Row],[Daño Mécanico]]/BD_MR_FF[[#This Row],[Muestra]]),"0") -> 0.001 | X7: 2 | Y7: =+IFERROR((BD_MR_FF[[#This Row],[Daño Insecto]]/BD_MR_FF[[#This Row],[Muestra]]),"0") -> 0.002 | Z7: 0 | AA7: =+IFERROR((BD_MR_FF[[#This Row],[Block]]/BD_MR_FF[[#This Row],[Muestra]]),"0") -> 0 | AB7: 0 | AC7: =+IFERROR((BD_MR_FF[[#This Row],[Mohos]]/BD_MR_FF[[#This Row],[Muestra]]),"0") -> 0 | AD7: 0 | AE7: 0 | AG7: 0 | AH7: =+IFERROR((BD_MR_FF[[#This Row],[Valor Extra 1]]/BD_MR_FF[[#This Row],[Muestra]]),"0") -> 0 | AJ7: 0 | AK7: =+IFERROR((BD_MR_FF[[#This Row],[Valor Extra 2]]/BD_MR_FF[[#This Row],[Muestra]]),"0") -> 0 | AL7: 0 | AM7: =+IFERROR((BD_MR_FF[[#This Row],[Calibre >16]]/BD_MR_FF[[#This Row],[Muestra]]),"0") -> 0 | AN7: 0 | AO7: =+IFERROR((BD_MR_FF[[#This Row],[Calibre <16]]/BD_MR_FF[[#This Row],[Muestra]]),"0") -> 0 | AP7: S/A | AQ7: S/A | AR7: S/A | AS7: S/A | AT7: S/A | AU7: S/A | AV7: S/A | AW7: 9.4 | AX7: C | AY7: C | AZ7: =SUM(BD_MR_FF[[#This Row],[Desviación de Color]]+BD_MR_FF[[#This Row],[Sobremaduro]]+BD_MR_FF[[#This Row],[Daño Mécanico]]+BD_MR_FF[[#This Row],[Daño Insecto]]+BD_MR_FF[[#This Row],[Block]]+BD_MR_FF[[#This Row],[Mohos]]) -> 45 | BA7: =SUM(BD_MR_FF[[#This Row],[% Desv. Color (≤5%)]]+BD_MR_FF[[#This Row],[% Sobremaduro (≤6%)]]+BD_MR_FF[[#This Row],[% Daño Mécanico (≤6%)]]+BD_MR_FF[[#This Row],[% Daño Insc. (≤5%)]]+BD_MR_FF[[#This Row],[% Block (≤5%)]]+BD_MR_FF[[#This Row],[% Mohos (0%)]]) -> 0.045 | BB7: S/O | BC7: =1-BD_MR_FF[[#This Row],[% Defectos]] -> 0.955 | BD7: Tonka Irarrazabal | BE7: =SUM(BD_MR_FF[[#This Row],[Palos (Un.) (≤18)]:[Larvas (Un.) (≤24)]]) -> 0 | BF7: =SUM(BD_MR_FF[[#This Row],[Vidrio (Un.) (0)]:[Plástico (Un.) (0)]]) -> 0 | BG7: =IF(ISBLANK(BD_MR_FF[[#This Row],[Descripción del Producto]]),"",BD_MR_FF[[#This Row],[Descripción del Producto]]) -> MO S/V Org. IQF A 13,61 kg en caja | BH7: =IF(ISBLANK(BD_MR_FF[[#This Row],[N° Lote]]),"",BD_MR_FF[[#This Row],[N° Lote]]) -> 11681 | BI7: =IF(ISBLANK(BD_MR_FF[[#This Row],[N° Pallet]]),"",BD_MR_FF[[#This Row],[N° Pallet]]) -> 37860
A8: 46072 | B8: =_xlfn.ISOWEEKNUM(BD_MR_FF[[#This Row],[Fecha]]) -> 8 | C8: 1 | D8: 1 | E8: 404221000 | F8: =IFERROR("" & _xlfn.XLOOKUP(BD_MR_FF[[#This Row],[Código]],BD_Cod!A:A,BD_Cod!B:B), "") -> MO S/V Org. IQF A 13,61 kg en caja | G8: =IFERROR(" " &_xlfn.XLOOKUP(BD_MR_FF[[#This Row],[Código]],BD_Cod!A:A,BD_Cod!H:H," ")," ") -> PTT | H8: 37469 | I8: 11681 | J8: 1000 | K8: 0.5 | L8: N/A | M8: 14159 | N8: -13 | O8: C | P8: C | Q8: =1-BD_MR_FF[[#This Row],[% Defectos]] -> 0.899 | R8: 80 | S8: =+IFERROR((BD_MR_FF[[#This Row],[Desviación de Color]]/BD_MR_FF[[#This Row],[Muestra]]),"0") -> 0.08 | T8: 0 | U8: =+IFERROR((BD_MR_FF[[#This Row],[Sobremaduro]]/BD_MR_FF[[#This Row],[Muestra]]),"0") -> 0 | V8: 2 | W8: =+IFERROR((BD_MR_FF[[#This Row],[Daño Mécanico]]/BD_MR_FF[[#This Row],[Muestra]]),"0") -> 0.002 | X8: 19 | Y8: =+IFERROR((BD_MR_FF[[#This Row],[Daño Insecto]]/BD_MR_FF[[#This Row],[Muestra]]),"0") -> 0.019 | Z8: 0 | AA8: =+IFERROR((BD_MR_FF[[#This Row],[Block]]/BD_MR_FF[[#This Row],[Muestra]]),"0") -> 0 | AB8: 0 | AC8: =+IFERROR((BD_MR_FF[[#This Row],[Mohos]]/BD_MR_FF[[#This Row],[Muestra]]),"0") -> 0 | AD8: 0 | AE8: 1 | AG8: 0 | AH8: =+IFERROR((BD_MR_FF[[#This Row],[Valor Extra 1]]/BD_MR_FF[[#This Row],[Muestra]]),"0") -> 0 | AJ8: 0 | AK8: =+IFERROR((BD_MR_FF[[#This Row],[Valor Extra 2]]/BD_MR_FF[[#This Row],[Muestra]]),"0") -> 0 | AL8: 0 | AM8: =+IFERROR((BD_MR_FF[[#This Row],[Calibre >16]]/BD_MR_FF[[#This Row],[Muestra]]),"0") -> 0 | AN8: 0 | AO8: =+IFERROR((BD_MR_FF[[#This Row],[Calibre <16]]/BD_MR_FF[[#This Row],[Muestra]]),"0") -> 0 | AP8: S/A | AQ8: S/A | AR8: S/A | AS8: S/A | AT8: S/A | AU8: S/A | AV8: S/A | AW8: 10.2 | AX8: C | AY8: C | AZ8: =SUM(BD_MR_FF[[#This Row],[Desviación de Color]]+BD_MR_FF[[#This Row],[Sobremaduro]]+BD_MR_FF[[#This Row],[Daño Mécanico]]+BD_MR_FF[[#This Row],[Daño Insecto]]+BD_MR_FF[[#This Row],[Block]]+BD_MR_FF[[#This Row],[Mohos]]) -> 101 | BA8: =SUM(BD_MR_FF[[#This Row],[% Desv. Color (≤5%)]]+BD_MR_FF[[#This Row],[% Sobremaduro (≤6%)]]+BD_MR_FF[[#This Row],[% Daño Mécanico (≤6%)]]+BD_MR_FF[[#This Row],[% Daño Insc. (≤5%)]]+BD_MR_FF[[#This Row],[% Block (≤5%)]]+BD_MR_FF[[#This Row],[% Mohos (0%)]]) -> 0.101 | BB8: S/O | BC8: =1-BD_MR_FF[[#This Row],[% Defectos]] -> 0.899 | BD8: Ingrid Llanquileo | BE8: =SUM(BD_MR_FF[[#This Row],[Palos (Un.) (≤18)]:[Larvas (Un.) (≤24)]]) -> 0 | BF8: =SUM(BD_MR_FF[[#This Row],[Vidrio (Un.) (0)]:[Plástico (Un.) (0)]]) -> 0 | BG8: =IF(ISBLANK(BD_MR_FF[[#This Row],[Descripción del Producto]]),"",BD_MR_FF[[#This Row],[Descripción del Producto]]) -> MO S/V Org. IQF A 13,61 kg en caja | BH8: =IF(ISBLANK(BD_MR_FF[[#This Row],[N° Lote]]),"",BD_MR_FF[[#This Row],[N° Lote]]) -> 11681 | BI8: =IF(ISBLANK(BD_MR_FF[[#This Row],[N° Pallet]]),"",BD_MR_FF[[#This Row],[N° Pallet]]) -> 37469
A9: 46072 | B9: =_xlfn.ISOWEEKNUM(BD_MR_FF[[#This Row],[Fecha]]) -> 8 | C9: 1 | D9: 1 | E9: 404221000 | F9: =IFERROR("" & _xlfn.XLOOKUP(BD_MR_FF[[#This Row],[Código]],BD_Cod!A:A,BD_Cod!B:B), "") -> MO S/V Org. IQF A 13,61 kg en caja | G9: =IFERROR(" " &_xlfn.XLOOKUP(BD_MR_FF[[#This Row],[Código]],BD_Cod!A:A,BD_Cod!H:H," ")," ") -> PTT | H9: 37470 | I9: 11681 | J9: 1000 | K9: 0.59236111 | L9: N/A | M9: 14147 | N9: -14.5 | O9: C | P9: C | Q9: =1-BD_MR_FF[[#This Row],[% Defectos]] -> 0.932 | R9: 48 | S9: =+IFERROR((BD_MR_FF[[#This Row],[Desviación de Color]]/BD_MR_FF[[#This Row],[Muestra]]),"0") -> 0.048 | T9: 0 | U9: =+IFERROR((BD_MR_FF[[#This Row],[Sobremaduro]]/BD_MR_FF[[#This Row],[Muestra]]),"0") -> 0 | V9: 5 | W9: =+IFERROR((BD_MR_FF[[#This Row],[Daño Mécanico]]/BD_MR_FF[[#This Row],[Muestra]]),"0") -> 0.005 | X9: 15 | Y9: =+IFERROR((BD_MR_FF[[#This Row],[Daño Insecto]]/BD_MR_FF[[#This Row],[Muestra]]),"0") -> 0.015 | Z9: 0 | AA9: =+IFERROR((BD_MR_FF[[#This Row],[Block]]/BD_MR_FF[[#This Row],[Muestra]]),"0") -> 0 | AB9: 0 | AC9: =+IFERROR((BD_MR_FF[[#This Row],[Mohos]]/BD_MR_FF[[#This Row],[Muestra]]),"0") -> 0 | AD9: 0 | AE9: 1 | AG9: 0 | AH9: =+IFERROR((BD_MR_FF[[#This Row],[Valor Extra 1]]/BD_MR_FF[[#This Row],[Muestra]]),"0") -> 0 | AJ9: 0 | AK9: =+IFERROR((BD_MR_FF[[#This Row],[Valor Extra 2]]/BD_MR_FF[[#This Row],[Muestra]]),"0") -> 0 | AL9: 0 | AM9: =+IFERROR((BD_MR_FF[[#This Row],[Calibre >16]]/BD_MR_FF[[#This Row],[Muestra]]),"0") -> 0 | AN9: 0 | AO9: =+IFERROR((BD_MR_FF[[#This Row],[Calibre <16]]/BD_MR_FF[[#This Row],[Muestra]]),"0") -> 0 | AP9: S/A | AQ9: S/A | AR9: S/A | AS9: S/A | AT9: S/A | AU9: S/A | AV9: S/A | AW9: 10 | AX9: C | AY9: C | AZ9: =SUM(BD_MR_FF[[#This Row],[Desviación de Color]]+BD_MR_FF[[#This Row],[Sobremaduro]]+BD_MR_FF[[#This Row],[Daño Mécanico]]+BD_MR_FF[[#This Row],[Daño Insecto]]+BD_MR_FF[[#This Row],[Block]]+BD_MR_FF[[#This Row],[Mohos]]) -> 68 | BA9: =SUM(BD_MR_FF[[#This Row],[% Desv. Color (≤5%)]]+BD_MR_FF[[#This Row],[% Sobremaduro (≤6%)]]+BD_MR_FF[[#This Row],[% Daño Mécanico (≤6%)]]+BD_MR_FF[[#This Row],[% Daño Insc. (≤5%)]]+BD_MR_FF[[#This Row],[% Block (≤5%)]]+BD_MR_FF[[#This Row],[% Mohos (0%)]]) -> 0.068 | BB9: S/O | BC9: =1-BD_MR_FF[[#This Row],[% Defectos]] -> 0.932 | BD9: Ingrid Llanquileo | BE9: =SUM(BD_MR_FF[[#This Row],[Palos (Un.) (≤18)]:[Larvas (Un.) (≤24)]]) -> 0 | BF9: =SUM(BD_MR_FF[[#This Row],[Vidrio (Un.) (0)]:[Plástico (Un.) (0)]]) -> 0 | BG9: =IF(ISBLANK(BD_MR_FF[[#This Row],[Descripción del Producto]]),"",BD_MR_FF[[#This Row],[Descripción del Producto]]) -> MO S/V Org. IQF A 13,61 kg en caja | BH9: =IF(ISBLANK(BD_MR_FF[[#This Row],[N° Lote]]),"",BD_MR_FF[[#This Row],[N° Lote]]) -> 11681 | BI9: =IF(ISBLANK(BD_MR_FF[[#This Row],[N° Pallet]]),"",BD_MR_FF[[#This Row],[N° Pallet]]) -> 37470
A10: 46072 | B10: =_xlfn.ISOWEEKNUM(BD_MR_FF[[#This Row],[Fecha]]) -> 8 | C10: 1 | D10: 1 | E10: 404221000 | F10: =IFERROR("" & _xlfn.XLOOKUP(BD_MR_FF[[#This Row],[Código]],BD_Cod!A:A,BD_Cod!B:B), "") -> MO S/V Org. IQF A 13,61 kg en caja | G10: =IFERROR(" " &_xlfn.XLOOKUP(BD_MR_FF[[#This Row],[Código]],BD_Cod!A:A,BD_Cod!H:H," ")," ") -> PTT | H10: 37470 | I10: 11681 | J10: 1000 | K10: 0.61111111 | L10: N/A | M10: 14146 | N10: -12.7 | O10: C | P10: C | Q10: =1-BD_MR_FF[[#This Row],[% Defectos]] -> 0.908 | R10: 81 | S10: =+IFERROR((BD_MR_FF[[#This Row],[Desviación de Color]]/BD_MR_FF[[#This Row],[Muestra]]),"0") -> 0.081 | T10: 0 | U10: =+IFERROR((BD_MR_FF[[#This Row],[Sobremaduro]]/BD_MR_FF[[#This Row],[Muestra]]),"0") -> 0 | V10: 0 | W10: =+IFERROR((BD_MR_FF[[#This Row],[Daño Mécanico]]/BD_MR_FF[[#This Row],[Muestra]]),"0") -> 0 | X10: 11 | Y10: =+IFERROR((BD_MR_FF[[#This Row],[Daño Insecto]]/BD_MR_FF[[#This Row],[Muestra]]),"0") -> 0.011 | Z10: 0 | AA10: =+IFERROR((BD_MR_FF[[#This Row],[Block]]/BD_MR_FF[[#This Row],[Muestra]]),"0") -> 0 | AB10: 0 | AC10: =+IFERROR((BD_MR_FF[[#This Row],[Mohos]]/BD_MR_FF[[#This Row],[Muestra]]),"0") -> 0 | AD10: 2 | AE10: 2 | AG10: 0 | AH10: =+IFERROR((BD_MR_FF[[#This Row],[Valor Extra 1]]/BD_MR_FF[[#This Row],[Muestra]]),"0") -> 0 | AJ10: 0 | AK10: =+IFERROR((BD_MR_FF[[#This Row],[Valor Extra 2]]/BD_MR_FF[[#This Row],[Muestra]]),"0") -> 0 | AL10: 0 | AM10: =+IFERROR((BD_MR_FF[[#This Row],[Calibre >16]]/BD_MR_FF[[#This Row],[Muestra]]),"0") -> 0 | AN10: 0 | AO10: =+IFERROR((BD_MR_FF[[#This Row],[Calibre <16]]/BD_MR_FF[[#This Row],[Muestra]]),"0") -> 0 | AP10: S/A | AQ10: S/A | AR10: S/A | AS10: S/A | AT10: S/A | AU10: S/A | AV10: S/A | AW10: 11.9 | AX10: C | AY10: C | AZ10: =SUM(BD_MR_FF[[#This Row],[Desviación de Color]]+BD_MR_FF[[#This Row],[Sobremaduro]]+BD_MR_FF[[#This Row],[Daño Mécanico]]+BD_MR_FF[[#This Row],[Daño Insecto]]+BD_MR_FF[[#This Row],[Block]]+BD_MR_FF[[#This Row],[Mohos]]) -> 92 | BA10: =SUM(BD_MR_FF[[#This Row],[% Desv. Color (≤5%)]]+BD_MR_FF[[#This Row],[% Sobremaduro (≤6%)]]+BD_MR_FF[[#This Row],[% Daño Mécanico (≤6%)]]+BD_MR_FF[[#This Row],[% Daño Insc. (≤5%)]]+BD_MR_FF[[#This Row],[% Block (≤5%)]]+BD_MR_FF[[#This Row],[% Mohos (0%)]]) -> 0.092 | BB10: S/O | BC10: =1-BD_MR_FF[[#This Row],[% Defectos]] -> 0.908 | BD10: Ingrid Llanquileo | BE10: =SUM(BD_MR_FF[[#This Row],[Palos (Un.) (≤18)]:[Larvas (Un.) (≤24)]]) -> 0 | BF10: =SUM(BD_MR_FF[[#This Row],[Vidrio (Un.) (0)]:[Plástico (Un.) (0)]]) -> 0 | BG10: =IF(ISBLANK(BD_MR_FF[[#This Row],[Descripción del Producto]]),"",BD_MR_FF[[#This Row],[Descripción del Producto]]) -> MO S/V Org. IQF A 13,61 kg en caja | BH10: =IF(ISBLANK(BD_MR_FF[[#This Row],[N° Lote]]),"",BD_MR_FF[[#This Row],[N° Lote]]) -> 11681 | BI10: =IF(ISBLANK(BD_MR_FF[[#This Row],[N° Pallet]]),"",BD_MR_FF[[#This Row],[N° Pallet]]) -> 37470
A11: 46072 | B11: =_xlfn.ISOWEEKNUM(BD_MR_FF[[#This Row],[Fecha]]) -> 8 | C11: 1 | D11: 1 | E11: 404221000 | F11: =IFERROR("" & _xlfn.XLOOKUP(BD_MR_FF[[#This Row],[Código]],BD_Cod!A:A,BD_Cod!B:B), "") -> MO S/V Org. IQF A 13,61 kg en caja | G11: =IFERROR(" " &_xlfn.XLOOKUP(BD_MR_FF[[#This Row],[Código]],BD_Cod!A:A,BD_Cod!H:H," ")," ") -> PTT | H11: 37471 | I11: 11681 | J11: 1000 | K11: 0.63194444 | L11: N/A | M11: 14152 | N11: -15.3 | O11: C | P11: C | Q11: =1-BD_MR_FF[[#This Row],[% Defectos]] -> 0.904 | R11: 64 | S11: =+IFERROR((BD_MR_FF[[#This Row],[Desviación de Color]]/BD_MR_FF[[#This Row],[Muestra]]),"0") -> 0.064 | T11: 0 | U11: =+IFERROR((BD_MR_FF[[#This Row],[Sobremaduro]]/BD_MR_FF[[#This Row],[Muestra]]),"0") -> 0 | V11: 0 | W11: =+IFERROR((BD_MR_FF[[#This Row],[Daño Mécanico]]/BD_MR_FF[[#This Row],[Muestra]]),"0") -> 0 | X11: 32 | Y11: =+IFERROR((BD_MR_FF[[#This Row],[Daño Insecto]]/BD_MR_FF[[#This Row],[Muestra]]),"0") -> 0.032 | Z11: 0 | AA11: =+IFERROR((BD_MR_FF[[#This Row],[Block]]/BD_MR_FF[[#This Row],[Muestra]]),"0") -> 0 | AB11: 0 | AC11: =+IFERROR((BD_MR_FF[[#This Row],[Mohos]]/BD_MR_FF[[#This Row],[Muestra]]),"0") -> 0 | AD11: 0 | AE11: 0 | AG11: 0 | AH11: =+IFERROR((BD_MR_FF[[#This Row],[Valor Extra 1]]/BD_MR_FF[[#This Row],[Muestra]]),"0") -> 0 | AJ11: 0 | AK11: =+IFERROR((BD_MR_FF[[#This Row],[Valor Extra 2]]/BD_MR_FF[[#This Row],[Muestra]]),"0") -> 0 | AL11: 0 | AM11: =+IFERROR((BD_MR_FF[[#This Row],[Calibre >16]]/BD_MR_FF[[#This Row],[Muestra]]),"0") -> 0 | AN11: 0 | AO11: =+IFERROR((BD_MR_FF[[#This Row],[Calibre <16]]/BD_MR_FF[[#This Row],[Muestra]]),"0") -> 0 | AP11: S/A | AQ11: S/A | AR11: S/A | AS11: S/A | AT11: S/A | AU11: S/A | AV11: S/A | AW11: 12.3 | AX11: C | AY11: C | AZ11: =SUM(BD_MR_FF[[#This Row],[Desviación de Color]]+BD_MR_FF[[#This Row],[Sobremaduro]]+BD_MR_FF[[#This Row],[Daño Mécanico]]+BD_MR_FF[[#This Row],[Daño Insecto]]+BD_MR_FF[[#This Row],[Block]]+BD_MR_FF[[#This Row],[Mohos]]) -> 96 | BA11: =SUM(BD_MR_FF[[#This Row],[% Desv. Color (≤5%)]]+BD_MR_FF[[#This Row],[% Sobremaduro (≤6%)]]+BD_MR_FF[[#This Row],[% Daño Mécanico (≤6%)]]+BD_MR_FF[[#This Row],[% Daño Insc. (≤5%)]]+BD_MR_FF[[#This Row],[% Block (≤5%)]]+BD_MR_FF[[#This Row],[% Mohos (0%)]]) -> 0.096 | BB11: S/O | BC11: =1-BD_MR_FF[[#This Row],[% Defectos]] -> 0.904 | BD11: Ingrid Llanquileo | BE11: =SUM(BD_MR_FF[[#This Row],[Palos (Un.) (≤18)]:[Larvas (Un.) (≤24)]]) -> 0 | BF11: =SUM(BD_MR_FF[[#This Row],[Vidrio (Un.) (0)]:[Plástico (Un.) (0)]]) -> 0 | BG11: =IF(ISBLANK(BD_MR_FF[[#This Row],[Descripción del Producto]]),"",BD_MR_FF[[#This Row],[Descripción del Producto]]) -> MO S/V Org. IQF A 13,61 kg en caja | BH11: =IF(ISBLANK(BD_MR_FF[[#This Row],[N° Lote]]),"",BD_MR_FF[[#This Row],[N° Lote]]) -> 11681 | BI11: =IF(ISBLANK(BD_MR_FF[[#This Row],[N° Pallet]]),"",BD_MR_FF[[#This Row],[N° Pallet]]) -> 37471
A12: 46072 | B12: =_xlfn.ISOWEEKNUM(BD_MR_FF[[#This Row],[Fecha]]) -> 8 | C12: 1 | D12: 1 | E12: 404221000 | F12: =IFERROR("" & _xlfn.XLOOKUP(BD_MR_FF[[#This Row],[Código]],BD_Cod!A:A,BD_Cod!B:B), "") -> MO S/V Org. IQF A 13,61 kg en caja | G12: =IFERROR(" " &_xlfn.XLOOKUP(BD_MR_FF[[#This Row],[Código]],BD_Cod!A:A,BD_Cod!H:H," ")," ") -> PTT | H12: 37471 | I12: 11681 | J12: 1000 | K12: 0.64097222 | L12: N/A | M12: 14135 | N12: -14.2 | O12: C | P12: C | Q12: =1-BD_MR_FF[[#This Row],[% Defectos]] -> 0.923 | R12: 68 | S12: =+IFERROR((BD_MR_FF[[#This Row],[Desviación de Color]]/BD_MR_FF[[#This Row],[Muestra]]),"0") -> 0.068 | T12: 0 | U12: =+IFERROR((BD_MR_FF[[#This Row],[Sobremaduro]]/BD_MR_FF[[#This Row],[Muestra]]),"0") -> 0 | V12: 3 | W12: =+IFERROR((BD_MR_FF[[#This Row],[Daño Mécanico]]/BD_MR_FF[[#This Row],[Muestra]]),"0") -> 0.003 | X12: 6 | Y12: =+IFERROR((BD_MR_FF[[#This Row],[Daño Insecto]]/BD_MR_FF[[#This Row],[Muestra]]),"0") -> 0.006 | Z12: 0 | AA12: =+IFERROR((BD_MR_FF[[#This Row],[Block]]/BD_MR_FF[[#This Row],[Muestra]]),"0") -> 0 | AB12: 0 | AC12: =+IFERROR((BD_MR_FF[[#This Row],[Mohos]]/BD_MR_FF[[#This Row],[Muestra]]),"0") -> 0 | AD12: 0 | AE12: 1 | AG12: 0 | AH12: =+IFERROR((BD_MR_FF[[#This Row],[Valor Extra 1]]/BD_MR_FF[[#This Row],[Muestra]]),"0") -> 0 | AJ12: 0 | AK12: =+IFERROR((BD_MR_FF[[#This Row],[Valor Extra 2]]/BD_MR_FF[[#This Row],[Muestra]]),"0") -> 0 | AL12: 0 | AM12: =+IFERROR((BD_MR_FF[[#This Row],[Calibre >16]]/BD_MR_FF[[#This Row],[Muestra]]),"0") -> 0 | AN12: 0 | AO12: =+IFERROR((BD_MR_FF[[#This Row],[Calibre <16]]/BD_MR_FF[[#This Row],[Muestra]]),"0") -> 0 | AP12: S/A | AQ12: S/A | AR12: S/A | AS12: S/A | AT12: S/A | AU12: S/A | AV12: S/A | AW12: 12.4 | AX12: C | AY12: C | AZ12: =SUM(BD_MR_FF[[#This Row],[Desviación de Color]]+BD_MR_FF[[#This Row],[Sobremaduro]]+BD_MR_FF[[#This Row],[Daño Mécanico]]+BD_MR_FF[[#This Row],[Daño Insecto]]+BD_MR_FF[[#This Row],[Block]]+BD_MR_FF[[#This Row],[Mohos]]) -> 77 | BA12: =SUM(BD_MR_FF[[#This Row],[% Desv. Color (≤5%)]]+BD_MR_FF[[#This Row],[% Sobremaduro (≤6%)]]+BD_MR_FF[[#This Row],[% Daño Mécanico (≤6%)]]+BD_MR_FF[[#This Row],[% Daño Insc. (≤5%)]]+BD_MR_FF[[#This Row],[% Block (≤5%)]]+BD_MR_FF[[#This Row],[% Mohos (0%)]]) -> 0.077 | BB12: S/O | BC12: =1-BD_MR_FF[[#This Row],[% Defectos]] -> 0.923 | BD12: Ingrid Llanquileo | BE12: =SUM(BD_MR_FF[[#This Row],[Palos (Un.) (≤18)]:[Larvas (Un.) (≤24)]]) -> 0 | BF12: =SUM(BD_MR_FF[[#This Row],[Vidrio (Un.) (0)]:[Plástico (Un.) (0)]]) -> 0 | BG12: =IF(ISBLANK(BD_MR_FF[[#This Row],[Descripción del Producto]]),"",BD_MR_FF[[#This Row],[Descripción del Producto]]) -> MO S/V Org. IQF A 13,61 kg en caja | BH12: =IF(ISBLANK(BD_MR_FF[[#This Row],[N° Lote]]),"",BD_MR_FF[[#This Row],[N° Lote]]) -> 11681 | BI12: =IF(ISBLANK(BD_MR_FF[[#This Row],[N° Pallet]]),"",BD_MR_FF[[#This Row],[N° Pallet]]) -> 37471
A13: 46072 | B13: =_xlfn.ISOWEEKNUM(BD_MR_FF[[#This Row],[Fecha]]) -> 8 | C13: 1 | D13: 1 | E13: 404221000 | F13: =IFERROR("" & _xlfn.XLOOKUP(BD_MR_FF[[#This Row],[Código]],BD_Cod!A:A,BD_Cod!B:B), "") -> MO S/V Org. IQF A 13,61 kg en caja | G13: =IFERROR(" " &_xlfn.XLOOKUP(BD_MR_FF[[#This Row],[Código]],BD_Cod!A:A,BD_Cod!H:H," ")," ") -> PTT | H13: 37467 | I13: 11681 | J13: 1000 | K13: 0.39236111 | L13: N/A | M13: 14135 | N13: -13.3 | O13: C | P13: C | Q13: =1-BD_MR_FF[[#This Row],[% Defectos]] -> 0.958 | R13: 42 | S13: =+IFERROR((BD_MR_FF[[#This Row],[Desviación de Color]]/BD_MR_FF[[#This Row],[Muestra]]),"0") -> 0.042 | T13: 0 | U13: =+IFERROR((BD_MR_FF[[#This Row],[Sobremaduro]]/BD_MR_FF[[#This Row],[Muestra]]),"0") -> 0 | V13: 0 | W13: =+IFERROR((BD_MR_FF[[#This Row],[Daño Mécanico]]/BD_MR_FF[[#This Row],[Muestra]]),"0") -> 0 | X13: 0 | Y13: =+IFERROR((BD_MR_FF[[#This Row],[Daño Insecto]]/BD_MR_FF[[#This Row],[Muestra]]),"0") -> 0 | Z13: 0 | AA13: =+IFERROR((BD_MR_FF[[#This Row],[Block]]/BD_MR_FF[[#This Row],[Muestra]]),"0") -> 0 | AB13: 0 | AC13: =+IFERROR((BD_MR_FF[[#This Row],[Mohos]]/BD_MR_FF[[#This Row],[Muestra]]),"0") -> 0 | AD13: 0 | AE13: 0 | AG13: 0 | AH13: =+IFERROR((BD_MR_FF[[#This Row],[Valor Extra 1]]/BD_MR_FF[[#This Row],[Muestra]]),"0") -> 0 | AJ13: 0 | AK13: =+IFERROR((BD_MR_FF[[#This Row],[Valor Extra 2]]/BD_MR_FF[[#This Row],[Muestra]]),"0") -> 0 | AL13: 0 | AM13: =+IFERROR((BD_MR_FF[[#This Row],[Calibre >16]]/BD_MR_FF[[#This Row],[Muestra]]),"0") -> 0 | AN13: 0 | AO13: =+IFERROR((BD_MR_FF[[#This Row],[Calibre <16]]/BD_MR_FF[[#This Row],[Muestra]]),"0") -> 0 | AW13: - | AX13: C | AY13: C | AZ13: =SUM(BD_MR_FF[[#This Row],[Desviación de Color]]+BD_MR_FF[[#This Row],[Sobremaduro]]+BD_MR_FF[[#This Row],[Daño Mécanico]]+BD_MR_FF[[#This Row],[Daño Insecto]]+BD_MR_FF[[#This Row],[Block]]+BD_MR_FF[[#This Row],[Mohos]]) -> 42 | BA13: =SUM(BD_MR_FF[[#This Row],[% Desv. Color (≤5%)]]+BD_MR_FF[[#This Row],[% Sobremaduro (≤6%)]]+BD_MR_FF[[#This Row],[% Daño Mécanico (≤6%)]]+BD_MR_FF[[#This Row],[% Daño Insc. (≤5%)]]+BD_MR_FF[[#This Row],[% Block (≤5%)]]+BD_MR_FF[[#This Row],[% Mohos (0%)]]) -> 0.042 | BC13: =1-BD_MR_FF[[#This Row],[% Defectos]] -> 0.958 | BE13: =SUM(BD_MR_FF[[#This Row],[Palos (Un.) (≤18)]:[Larvas (Un.) (≤24)]]) -> 0 | BF13: =SUM(BD_MR_FF[[#This Row],[Vidrio (Un.) (0)]:[Plástico (Un.) (0)]]) -> 0 | BG13: =IF(ISBLANK(BD_MR_FF[[#This Row],[Descripción del Producto]]),"",BD_MR_FF[[#This Row],[Descripción del Producto]]) -> MO S/V Org. IQF A 13,61 kg en caja | BH13: =IF(ISBLANK(BD_MR_FF[[#This Row],[N° Lote]]),"",BD_MR_FF[[#This Row],[N° Lote]]) -> 11681 | BI13: =IF(ISBLANK(BD_MR_FF[[#This Row],[N° Pallet]]),"",BD_MR_FF[[#This Row],[N° Pallet]]) -> 37467
B14: =_xlfn.ISOWEEKNUM(BD_MR_FF[[#This Row],[Fecha]]) -> 52 | F14: =IFERROR("" & _xlfn.XLOOKUP(BD_MR_FF[[#This Row],[Código]],BD_Cod!A:A,BD_Cod!B:B), "") | G14: =IFERROR(" " &_xlfn.XLOOKUP(BD_MR_FF[[#This Row],[Código]],BD_Cod!A:A,BD_Cod!H:H," ")," ") | J14: 1000 | L14: N/A | O14: C | P14: C | Q14: =1-BD_MR_FF[[#This Row],[% Defectos]] -> 1 | R14: 0 | S14: =+IFERROR((BD_MR_FF[[#This Row],[Desviación de Color]]/BD_MR_FF[[#This Row],[Muestra]]),"0") -> 0 | T14: 0 | U14: =+IFERROR((BD_MR_FF[[#This Row],[Sobremaduro]]/BD_MR_FF[[#This Row],[Muestra]]),"0") -> 0 | V14: 0 | W14: =+IFERROR((BD_MR_FF[[#This Row],[Daño Mécanico]]/BD_MR_FF[[#This Row],[Muestra]]),"0") -> 0 | X14: 0 | Y14: =+IFERROR((BD_MR_FF[[#This Row],[Daño Insecto]]/BD_MR_FF[[#This Row],[Muestra]]),"0") -> 0 | Z14: 0 | AA14: =+IFERROR((BD_MR_FF[[#This Row],[Block]]/BD_MR_FF[[#This Row],[Muestra]]),"0") -> 0 | AB14: 0 | AC14: =+IFERROR((BD_MR_FF[[#This Row],[Mohos]]/BD_MR_FF[[#This Row],[Muestra]]),"0") -> 0 | AD14: 0 | AE14: 0 | AG14: 0 | AH14: =+IFERROR((BD_MR_FF[[#This Row],[Valor Extra 1]]/BD_MR_FF[[#This Row],[Muestra]]),"0") -> 0 | AJ14: 0 | AK14: =+IFERROR((BD_MR_FF[[#This Row],[Valor Extra 2]]/BD_MR_FF[[#This Row],[Muestra]]),"0") -> 0 | AL14: 0 | AM14: =+IFERROR((BD_MR_FF[[#This Row],[Calibre >16]]/BD_MR_FF[[#This Row],[Muestra]]),"0") -> 0 | AN14: 0 | AO14: =+IFERROR((BD_MR_FF[[#This Row],[Calibre <16]]/BD_MR_FF[[#This Row],[Muestra]]),"0") -> 0 | AW14: - | AX14: C | AY14: C | AZ14: =SUM(BD_MR_FF[[#This Row],[Desviación de Color]]+BD_MR_FF[[#This Row],[Sobremaduro]]+BD_MR_FF[[#This Row],[Daño Mécanico]]+BD_MR_FF[[#This Row],[Daño Insecto]]+BD_MR_FF[[#This Row],[Block]]+BD_MR_FF[[#This Row],[Mohos]]) -> 0 | BA14: =SUM(BD_MR_FF[[#This Row],[% Desv. Color (≤5%)]]+BD_MR_FF[[#This Row],[% Sobremaduro (≤6%)]]+BD_MR_FF[[#This Row],[% Daño Mécanico (≤6%)]]+BD_MR_FF[[#This Row],[% Daño Insc. (≤5%)]]+BD_MR_FF[[#This Row],[% Block (≤5%)]]+BD_MR_FF[[#This Row],[% Mohos (0%)]]) -> 0 | BC14: =1-BD_MR_FF[[#This Row],[% Defectos]] -> 1 | BE14: =SUM(BD_MR_FF[[#This Row],[Palos (Un.) (≤18)]:[Larvas (Un.) (≤24)]]) -> 0 | BF14: =SUM(BD_MR_FF[[#This Row],[Vidrio (Un.) (0)]:[Plástico (Un.) (0)]]) -> 0 | BG14: =IF(ISBLANK(BD_MR_FF[[#This Row],[Descripción del Producto]]),"",BD_MR_FF[[#This Row],[Descripción del Producto]]) | BH14: =IF(ISBLANK(BD_MR_FF[[#This Row],[N° Lote]]),"",BD_MR_FF[[#This Row],[N° Lote]]) | BI14: =IF(ISBLANK(BD_MR_FF[[#This Row],[N° Pallet]]),"",BD_MR_FF[[#This Row],[N° Pallet]])
B15: =_xlfn.ISOWEEKNUM(BD_MR_FF[[#This Row],[Fecha]]) -> 52 | F15: =IFERROR("" & _xlfn.XLOOKUP(BD_MR_FF[[#This Row],[Código]],BD_Cod!A:A,BD_Cod!B:B), "") | G15: =IFERROR(" " &_xlfn.XLOOKUP(BD_MR_FF[[#This Row],[Código]],BD_Cod!A:A,BD_Cod!H:H," ")," ") | J15: 1000 | L15: N/A | O15: C | P15: C | Q15: =1-BD_MR_FF[[#This Row],[% Defectos]] -> 1 | R15: 0 | S15: =+IFERROR((BD_MR_FF[[#This Row],[Desviación de Color]]/BD_MR_FF[[#This Row],[Muestra]]),"0") -> 0 | T15: 0 | U15: =+IFERROR((BD_MR_FF[[#This Row],[Sobremaduro]]/BD_MR_FF[[#This Row],[Muestra]]),"0") -> 0 | V15: 0 | W15: =+IFERROR((BD_MR_FF[[#This Row],[Daño Mécanico]]/BD_MR_FF[[#This Row],[Muestra]]),"0") -> 0 | X15: 0 | Y15: =+IFERROR((BD_MR_FF[[#This Row],[Daño Insecto]]/BD_MR_FF[[#This Row],[Muestra]]),"0") -> 0 | Z15: 0 | AA15: =+IFERROR((BD_MR_FF[[#This Row],[Block]]/BD_MR_FF[[#This Row],[Muestra]]),"0") -> 0 | AB15: 0 | AC15: =+IFERROR((BD_MR_FF[[#This Row],[Mohos]]/BD_MR_FF[[#This Row],[Muestra]]),"0") -> 0 | AD15: 0 | AE15: 0 | AG15: 0 | AH15: =+IFERROR((BD_MR_FF[[#This Row],[Valor Extra 1]]/BD_MR_FF[[#This Row],[Muestra]]),"0") -> 0 | AJ15: 0 | AK15: =+IFERROR((BD_MR_FF[[#This Row],[Valor Extra 2]]/BD_MR_FF[[#This Row],[Muestra]]),"0") -> 0 | AL15: 0 | AM15: =+IFERROR((BD_MR_FF[[#This Row],[Calibre >16]]/BD_MR_FF[[#This Row],[Muestra]]),"0") -> 0 | AN15: 0 | AO15: =+IFERROR((BD_MR_FF[[#This Row],[Calibre <16]]/BD_MR_FF[[#This Row],[Muestra]]),"0") -> 0 | AW15: - | AX15: C | AY15: C | AZ15: =SUM(BD_MR_FF[[#This Row],[Desviación de Color]]+BD_MR_FF[[#This Row],[Sobremaduro]]+BD_MR_FF[[#This Row],[Daño Mécanico]]+BD_MR_FF[[#This Row],[Daño Insecto]]+BD_MR_FF[[#This Row],[Block]]+BD_MR_FF[[#This Row],[Mohos]]) -> 0 | BA15: =SUM(BD_MR_FF[[#This Row],[% Desv. Color (≤5%)]]+BD_MR_FF[[#This Row],[% Sobremaduro (≤6%)]]+BD_MR_FF[[#This Row],[% Daño Mécanico (≤6%)]]+BD_MR_FF[[#This Row],[% Daño Insc. (≤5%)]]+BD_MR_FF[[#This Row],[% Block (≤5%)]]+BD_MR_FF[[#This Row],[% Mohos (0%)]]) -> 0 | BC15: =1-BD_MR_FF[[#This Row],[% Defectos]] -> 1 | BE15: =SUM(BD_MR_FF[[#This Row],[Palos (Un.) (≤18)]:[Larvas (Un.) (≤24)]]) -> 0 | BF15: =SUM(BD_MR_FF[[#This Row],[Vidrio (Un.) (0)]:[Plástico (Un.) (0)]]) -> 0 | BG15: =IF(ISBLANK(BD_MR_FF[[#This Row],[Descripción del Producto]]),"",BD_MR_FF[[#This Row],[Descripción del Producto]]) | BH15: =IF(ISBLANK(BD_MR_FF[[#This Row],[N° Lote]]),"",BD_MR_FF[[#This Row],[N° Lote]]) | BI15: =IF(ISBLANK(BD_MR_FF[[#This Row],[N° Pallet]]),"",BD_MR_FF[[#This Row],[N° Pallet]])
B16: =_xlfn.ISOWEEKNUM(BD_MR_FF[[#This Row],[Fecha]]) -> 52 | F16: =IFERROR("" & _xlfn.XLOOKUP(BD_MR_FF[[#This Row],[Código]],BD_Cod!A:A,BD_Cod!B:B), "") | G16: =IFERROR(" " &_xlfn.XLOOKUP(BD_MR_FF[[#This Row],[Código]],BD_Cod!A:A,BD_Cod!H:H," ")," ") | J16: 1000 | L16: N/A | O16: C | P16: C | Q16: =1-BD_MR_FF[[#This Row],[% Defectos]] -> 1 | R16: 0 | S16: =+IFERROR((BD_MR_FF[[#This Row],[Desviación de Color]]/BD_MR_FF[[#This Row],[Muestra]]),"0") -> 0 | T16: 0 | U16: =+IFERROR((BD_MR_FF[[#This Row],[Sobremaduro]]/BD_MR_FF[[#This Row],[Muestra]]),"0") -> 0 | V16: 0 | W16: =+IFERROR((BD_MR_FF[[#This Row],[Daño Mécanico]]/BD_MR_FF[[#This Row],[Muestra]]),"0") -> 0 | X16: 0 | Y16: =+IFERROR((BD_MR_FF[[#This Row],[Daño Insecto]]/BD_MR_FF[[#This Row],[Muestra]]),"0") -> 0 | Z16: 0 | AA16: =+IFERROR((BD_MR_FF[[#This Row],[Block]]/BD_MR_FF[[#This Row],[Muestra]]),"0") -> 0 | AB16: 0 | AC16: =+IFERROR((BD_MR_FF[[#This Row],[Mohos]]/BD_MR_FF[[#This Row],[Muestra]]),"0") -> 0 | AD16: 0 | AE16: 0 | AG16: 0 | AH16: =+IFERROR((BD_MR_FF[[#This Row],[Valor Extra 1]]/BD_MR_FF[[#This Row],[Muestra]]),"0") -> 0 | AJ16: 0 | AK16: =+IFERROR((BD_MR_FF[[#This Row],[Valor Extra 2]]/BD_MR_FF[[#This Row],[Muestra]]),"0") -> 0 | AL16: 0 | AM16: =+IFERROR((BD_MR_FF[[#This Row],[Calibre >16]]/BD_MR_FF[[#This Row],[Muestra]]),"0") -> 0 | AN16: 0 | AO16: =+IFERROR((BD_MR_FF[[#This Row],[Calibre <16]]/BD_MR_FF[[#This Row],[Muestra]]),"0") -> 0 | AW16: - | AX16: C | AY16: C | AZ16: =SUM(BD_MR_FF[[#This Row],[Desviación de Color]]+BD_MR_FF[[#This Row],[Sobremaduro]]+BD_MR_FF[[#This Row],[Daño Mécanico]]+BD_MR_FF[[#This Row],[Daño Insecto]]+BD_MR_FF[[#This Row],[Block]]+BD_MR_FF[[#This Row],[Mohos]]) -> 0 | BA16: =SUM(BD_MR_FF[[#This Row],[% Desv. Color (≤5%)]]+BD_MR_FF[[#This Row],[% Sobremaduro (≤6%)]]+BD_MR_FF[[#This Row],[% Daño Mécanico (≤6%)]]+BD_MR_FF[[#This Row],[% Daño Insc. (≤5%)]]+BD_MR_FF[[#This Row],[% Block (≤5%)]]+BD_MR_FF[[#This Row],[% Mohos (0%)]]) -> 0 | BC16: =1-BD_MR_FF[[#This Row],[% Defectos]] -> 1 | BE16: =SUM(BD_MR_FF[[#This Row],[Palos (Un.) (≤18)]:[Larvas (Un.) (≤24)]]) -> 0 | BF16: =SUM(BD_MR_FF[[#This Row],[Vidrio (Un.) (0)]:[Plástico (Un.) (0)]]) -> 0 | BG16: =IF(ISBLANK(BD_MR_FF[[#This Row],[Descripción del Producto]]),"",BD_MR_FF[[#This Row],[Descripción del Producto]]) | BH16: =IF(ISBLANK(BD_MR_FF[[#This Row],[N° Lote]]),"",BD_MR_FF[[#This Row],[N° Lote]]) | BI16: =IF(ISBLANK(BD_MR_FF[[#This Row],[N° Pallet]]),"",BD_MR_FF[[#This Row],[N° Pallet]])
B17: =_xlfn.ISOWEEKNUM(BD_MR_FF[[#This Row],[Fecha]]) -> 52 | F17: =IFERROR("" & _xlfn.XLOOKUP(BD_MR_FF[[#This Row],[Código]],BD_Cod!A:A,BD_Cod!B:B), "") | G17: =IFERROR(" " &_xlfn.XLOOKUP(BD_MR_FF[[#This Row],[Código]],BD_Cod!A:A,BD_Cod!H:H," ")," ") | J17: 1000 | L17: N/A | O17: C | P17: C | Q17: =1-BD_MR_FF[[#This Row],[% Defectos]] -> 1 | R17: 0 | S17: =+IFERROR((BD_MR_FF[[#This Row],[Desviación de Color]]/BD_MR_FF[[#This Row],[Muestra]]),"0") -> 0 | T17: 0 | U17: =+IFERROR((BD_MR_FF[[#This Row],[Sobremaduro]]/BD_MR_FF[[#This Row],[Muestra]]),"0") -> 0 | V17: 0 | W17: =+IFERROR((BD_MR_FF[[#This Row],[Daño Mécanico]]/BD_MR_FF[[#This Row],[Muestra]]),"0") -> 0 | X17: 0 | Y17: =+IFERROR((BD_MR_FF[[#This Row],[Daño Insecto]]/BD_MR_FF[[#This Row],[Muestra]]),"0") -> 0 | Z17: 0 | AA17: =+IFERROR((BD_MR_FF[[#This Row],[Block]]/BD_MR_FF[[#This Row],[Muestra]]),"0") -> 0 | AB17: 0 | AC17: =+IFERROR((BD_MR_FF[[#This Row],[Mohos]]/BD_MR_FF[[#This Row],[Muestra]]),"0") -> 0 | AD17: 0 | AE17: 0 | AG17: 0 | AH17: =+IFERROR((BD_MR_FF[[#This Row],[Valor Extra 1]]/BD_MR_FF[[#This Row],[Muestra]]),"0") -> 0 | AJ17: 0 | AK17: =+IFERROR((BD_MR_FF[[#This Row],[Valor Extra 2]]/BD_MR_FF[[#This Row],[Muestra]]),"0") -> 0 | AL17: 0 | AM17: =+IFERROR((BD_MR_FF[[#This Row],[Calibre >16]]/BD_MR_FF[[#This Row],[Muestra]]),"0") -> 0 | AN17: 0 | AO17: =+IFERROR((BD_MR_FF[[#This Row],[Calibre <16]]/BD_MR_FF[[#This Row],[Muestra]]),"0") -> 0 | AW17: - | AX17: C | AY17: C | AZ17: =SUM(BD_MR_FF[[#This Row],[Desviación de Color]]+BD_MR_FF[[#This Row],[Sobremaduro]]+BD_MR_FF[[#This Row],[Daño Mécanico]]+BD_MR_FF[[#This Row],[Daño Insecto]]+BD_MR_FF[[#This Row],[Block]]+BD_MR_FF[[#This Row],[Mohos]]) -> 0 | BA17: =SUM(BD_MR_FF[[#This Row],[% Desv. Color (≤5%)]]+BD_MR_FF[[#This Row],[% Sobremaduro (≤6%)]]+BD_MR_FF[[#This Row],[% Daño Mécanico (≤6%)]]+BD_MR_FF[[#This Row],[% Daño Insc. (≤5%)]]+BD_MR_FF[[#This Row],[% Block (≤5%)]]+BD_MR_FF[[#This Row],[% Mohos (0%)]]) -> 0 | BC17: =1-BD_MR_FF[[#This Row],[% Defectos]] -> 1 | BE17: =SUM(BD_MR_FF[[#This Row],[Palos (Un.) (≤18)]:[Larvas (Un.) (≤24)]]) -> 0 | BF17: =SUM(BD_MR_FF[[#This Row],[Vidrio (Un.) (0)]:[Plástico (Un.) (0)]]) -> 0 | BG17: =IF(ISBLANK(BD_MR_FF[[#This Row],[Descripción del Producto]]),"",BD_MR_FF[[#This Row],[Descripción del Producto]]) | BH17: =IF(ISBLANK(BD_MR_FF[[#This Row],[N° Lote]]),"",BD_MR_FF[[#This Row],[N° Lote]]) | BI17: =IF(ISBLANK(BD_MR_FF[[#This Row],[N° Pallet]]),"",BD_MR_FF[[#This Row],[N° Pallet]])
B18: =_xlfn.ISOWEEKNUM(BD_MR_FF[[#This Row],[Fecha]]) -> 52 | F18: =IFERROR("" & _xlfn.XLOOKUP(BD_MR_FF[[#This Row],[Código]],BD_Cod!A:A,BD_Cod!B:B), "") | G18: =IFERROR(" " &_xlfn.XLOOKUP(BD_MR_FF[[#This Row],[Código]],BD_Cod!A:A,BD_Cod!H:H," ")," ") | J18: 1000 | L18: N/A | O18: C | P18: C | Q18: =1-BD_MR_FF[[#This Row],[% Defectos]] -> 1 | R18: 0 | S18: =+IFERROR((BD_MR_FF[[#This Row],[Desviación de Color]]/BD_MR_FF[[#This Row],[Muestra]]),"0") -> 0 | T18: 0 | U18: =+IFERROR((BD_MR_FF[[#This Row],[Sobremaduro]]/BD_MR_FF[[#This Row],[Muestra]]),"0") -> 0 | V18: 0 | W18: =+IFERROR((BD_MR_FF[[#This Row],[Daño Mécanico]]/BD_MR_FF[[#This Row],[Muestra]]),"0") -> 0 | X18: 0 | Y18: =+IFERROR((BD_MR_FF[[#This Row],[Daño Insecto]]/BD_MR_FF[[#This Row],[Muestra]]),"0") -> 0 | Z18: 0 | AA18: =+IFERROR((BD_MR_FF[[#This Row],[Block]]/BD_MR_FF[[#This Row],[Muestra]]),"0") -> 0 | AB18: 0 | AC18: =+IFERROR((BD_MR_FF[[#This Row],[Mohos]]/BD_MR_FF[[#This Row],[Muestra]]),"0") -> 0 | AD18: 0 | AE18: 0 | AG18: 0 | AH18: =+IFERROR((BD_MR_FF[[#This Row],[Valor Extra 1]]/BD_MR_FF[[#This Row],[Muestra]]),"0") -> 0 | AJ18: 0 | AK18: =+IFERROR((BD_MR_FF[[#This Row],[Valor Extra 2]]/BD_MR_FF[[#This Row],[Muestra]]),"0") -> 0 | AL18: 0 | AM18: =+IFERROR((BD_MR_FF[[#This Row],[Calibre >16]]/BD_MR_FF[[#This Row],[Muestra]]),"0") -> 0 | AN18: 0 | AO18: =+IFERROR((BD_MR_FF[[#This Row],[Calibre <16]]/BD_MR_FF[[#This Row],[Muestra]]),"0") -> 0 | AW18: - | AX18: C | AY18: C | AZ18: =SUM(BD_MR_FF[[#This Row],[Desviación de Color]]+BD_MR_FF[[#This Row],[Sobremaduro]]+BD_MR_FF[[#This Row],[Daño Mécanico]]+BD_MR_FF[[#This Row],[Daño Insecto]]+BD_MR_FF[[#This Row],[Block]]+BD_MR_FF[[#This Row],[Mohos]]) -> 0 | BA18: =SUM(BD_MR_FF[[#This Row],[% Desv. Color (≤5%)]]+BD_MR_FF[[#This Row],[% Sobremaduro (≤6%)]]+BD_MR_FF[[#This Row],[% Daño Mécanico (≤6%)]]+BD_MR_FF[[#This Row],[% Daño Insc. (≤5%)]]+BD_MR_FF[[#This Row],[% Block (≤5%)]]+BD_MR_FF[[#This Row],[% Mohos (0%)]]) -> 0 | BC18: =1-BD_MR_FF[[#This Row],[% Defectos]] -> 1 | BE18: =SUM(BD_MR_FF[[#This Row],[Palos (Un.) (≤18)]:[Larvas (Un.) (≤24)]]) -> 0 | BF18: =SUM(BD_MR_FF[[#This Row],[Vidrio (Un.) (0)]:[Plástico (Un.) (0)]]) -> 0 | BG18: =IF(ISBLANK(BD_MR_FF[[#This Row],[Descripción del Producto]]),"",BD_MR_FF[[#This Row],[Descripción del Producto]]) | BH18: =IF(ISBLANK(BD_MR_FF[[#This Row],[N° Lote]]),"",BD_MR_FF[[#This Row],[N° Lote]]) | BI18: =IF(ISBLANK(BD_MR_FF[[#This Row],[N° Pallet]]),"",BD_MR_FF[[#This Row],[N° Pallet]])
B19: =_xlfn.ISOWEEKNUM(BD_MR_FF[[#This Row],[Fecha]]) -> 52 | F19: =IFERROR("" & _xlfn.XLOOKUP(BD_MR_FF[[#This Row],[Código]],BD_Cod!A:A,BD_Cod!B:B), "") | G19: =IFERROR(" " &_xlfn.XLOOKUP(BD_MR_FF[[#This Row],[Código]],BD_Cod!A:A,BD_Cod!H:H," ")," ") | J19: 1000 | L19: N/A | O19: C | P19: C | Q19: =1-BD_MR_FF[[#This Row],[% Defectos]] -> 1 | R19: 0 | S19: =+IFERROR((BD_MR_FF[[#This Row],[Desviación de Color]]/BD_MR_FF[[#This Row],[Muestra]]),"0") -> 0 | T19: 0 | U19: =+IFERROR((BD_MR_FF[[#This Row],[Sobremaduro]]/BD_MR_FF[[#This Row],[Muestra]]),"0") -> 0 | V19: 0 | W19: =+IFERROR((BD_MR_FF[[#This Row],[Daño Mécanico]]/BD_MR_FF[[#This Row],[Muestra]]),"0") -> 0 | X19: 0 | Y19: =+IFERROR((BD_MR_FF[[#This Row],[Daño Insecto]]/BD_MR_FF[[#This Row],[Muestra]]),"0") -> 0 | Z19: 0 | AA19: =+IFERROR((BD_MR_FF[[#This Row],[Block]]/BD_MR_FF[[#This Row],[Muestra]]),"0") -> 0 | AB19: 0 | AC19: =+IFERROR((BD_MR_FF[[#This Row],[Mohos]]/BD_MR_FF[[#This Row],[Muestra]]),"0") -> 0 | AD19: 0 | AE19: 0 | AG19: 0 | AH19: =+IFERROR((BD_MR_FF[[#This Row],[Valor Extra 1]]/BD_MR_FF[[#This Row],[Muestra]]),"0") -> 0 | AJ19: 0 | AK19: =+IFERROR((BD_MR_FF[[#This Row],[Valor Extra 2]]/BD_MR_FF[[#This Row],[Muestra]]),"0") -> 0 | AL19: 0 | AM19: =+IFERROR((BD_MR_FF[[#This Row],[Calibre >16]]/BD_MR_FF[[#This Row],[Muestra]]),"0") -> 0 | AN19: 0 | AO19: =+IFERROR((BD_MR_FF[[#This Row],[Calibre <16]]/BD_MR_FF[[#This Row],[Muestra]]),"0") -> 0 | AW19: - | AX19: C | AY19: C | AZ19: =SUM(BD_MR_FF[[#This Row],[Desviación de Color]]+BD_MR_FF[[#This Row],[Sobremaduro]]+BD_MR_FF[[#This Row],[Daño Mécanico]]+BD_MR_FF[[#This Row],[Daño Insecto]]+BD_MR_FF[[#This Row],[Block]]+BD_MR_FF[[#This Row],[Mohos]]) -> 0 | BA19: =SUM(BD_MR_FF[[#This Row],[% Desv. Color (≤5%)]]+BD_MR_FF[[#This Row],[% Sobremaduro (≤6%)]]+BD_MR_FF[[#This Row],[% Daño Mécanico (≤6%)]]+BD_MR_FF[[#This Row],[% Daño Insc. (≤5%)]]+BD_MR_FF[[#This Row],[% Block (≤5%)]]+BD_MR_FF[[#This Row],[% Mohos (0%)]]) -> 0 | BC19: =1-BD_MR_FF[[#This Row],[% Defectos]] -> 1 | BE19: =SUM(BD_MR_FF[[#This Row],[Palos (Un.) (≤18)]:[Larvas (Un.) (≤24)]]) -> 0 | BF19: =SUM(BD_MR_FF[[#This Row],[Vidrio (Un.) (0)]:[Plástico (Un.) (0)]]) -> 0 | BG19: =IF(ISBLANK(BD_MR_FF[[#This Row],[Descripción del Producto]]),"",BD_MR_FF[[#This Row],[Descripción del Producto]]) | BH19: =IF(ISBLANK(BD_MR_FF[[#This Row],[N° Lote]]),"",BD_MR_FF[[#This Row],[N° Lote]]) | BI19: =IF(ISBLANK(BD_MR_FF[[#This Row],[N° Pallet]]),"",BD_MR_FF[[#This Row],[N° Pallet]])
B20: =_xlfn.ISOWEEKNUM(BD_MR_FF[[#This Row],[Fecha]]) -> 52 | F20: =IFERROR("" & _xlfn.XLOOKUP(BD_MR_FF[[#This Row],[Código]],BD_Cod!A:A,BD_Cod!B:B), "") | G20: =IFERROR(" " &_xlfn.XLOOKUP(BD_MR_FF[[#This Row],[Código]],BD_Cod!A:A,BD_Cod!H:H," ")," ") | J20: 1000 | L20: N/A | O20: C | P20: C | Q20: =1-BD_MR_FF[[#This Row],[% Defectos]] -> 1 | R20: 0 | S20: =+IFERROR((BD_MR_FF[[#This Row],[Desviación de Color]]/BD_MR_FF[[#This Row],[Muestra]]),"0") -> 0 | T20: 0 | U20: =+IFERROR((BD_MR_FF[[#This Row],[Sobremaduro]]/BD_MR_FF[[#This Row],[Muestra]]),"0") -> 0 | V20: 0 | W20: =+IFERROR((BD_MR_FF[[#This Row],[Daño Mécanico]]/BD_MR_FF[[#This Row],[Muestra]]),"0") -> 0 | X20: 0 | Y20: =+IFERROR((BD_MR_FF[[#This Row],[Daño Insecto]]/BD_MR_FF[[#This Row],[Muestra]]),"0") -> 0 | Z20: 0 | AA20: =+IFERROR((BD_MR_FF[[#This Row],[Block]]/BD_MR_FF[[#This Row],[Muestra]]),"0") -> 0 | AB20: 0 | AC20: =+IFERROR((BD_MR_FF[[#This Row],[Mohos]]/BD_MR_FF[[#This Row],[Muestra]]),"0") -> 0 | AD20: 0 | AE20: 0 | AG20: 0 | AH20: =+IFERROR((BD_MR_FF[[#This Row],[Valor Extra 1]]/BD_MR_FF[[#This Row],[Muestra]]),"0") -> 0 | AJ20: 0 | AK20: =+IFERROR((BD_MR_FF[[#This Row],[Valor Extra 2]]/BD_MR_FF[[#This Row],[Muestra]]),"0") -> 0 | AL20: 0 | AM20: =+IFERROR((BD_MR_FF[[#This Row],[Calibre >16]]/BD_MR_FF[[#This Row],[Muestra]]),"0") -> 0 | AN20: 0 | AO20: =+IFERROR((BD_MR_FF[[#This Row],[Calibre <16]]/BD_MR_FF[[#This Row],[Muestra]]),"0") -> 0 | AW20: - | AX20: C | AY20: C | AZ20: =SUM(BD_MR_FF[[#This Row],[Desviación de Color]]+BD_MR_FF[[#This Row],[Sobremaduro]]+BD_MR_FF[[#This Row],[Daño Mécanico]]+BD_MR_FF[[#This Row],[Daño Insecto]]+BD_MR_FF[[#This Row],[Block]]+BD_MR_FF[[#This Row],[Mohos]]) -> 0 | BA20: =SUM(BD_MR_FF[[#This Row],[% Desv. Color (≤5%)]]+BD_MR_FF[[#This Row],[% Sobremaduro (≤6%)]]+BD_MR_FF[[#This Row],[% Daño Mécanico (≤6%)]]+BD_MR_FF[[#This Row],[% Daño Insc. (≤5%)]]+BD_MR_FF[[#This Row],[% Block (≤5%)]]+BD_MR_FF[[#This Row],[% Mohos (0%)]]) -> 0 | BC20: =1-BD_MR_FF[[#This Row],[% Defectos]] -> 1 | BE20: =SUM(BD_MR_FF[[#This Row],[Palos (Un.) (≤18)]:[Larvas (Un.) (≤24)]]) -> 0 | BF20: =SUM(BD_MR_FF[[#This Row],[Vidrio (Un.) (0)]:[Plástico (Un.) (0)]]) -> 0 | BG20: =IF(ISBLANK(BD_MR_FF[[#This Row],[Descripción del Producto]]),"",BD_MR_FF[[#This Row],[Descripción del Producto]]) | BH20: =IF(ISBLANK(BD_MR_FF[[#This Row],[N° Lote]]),"",BD_MR_FF[[#This Row],[N° Lote]]) | BI20: =IF(ISBLANK(BD_MR_FF[[#This Row],[N° Pallet]]),"",BD_MR_FF[[#This Row],[N° Pallet]])
B21: =_xlfn.ISOWEEKNUM(BD_MR_FF[[#This Row],[Fecha]]) -> 52 | F21: =IFERROR("" & _xlfn.XLOOKUP(BD_MR_FF[[#This Row],[Código]],BD_Cod!A:A,BD_Cod!B:B), "") | G21: =IFERROR(" " &_xlfn.XLOOKUP(BD_MR_FF[[#This Row],[Código]],BD_Cod!A:A,BD_Cod!H:H," ")," ") | J21: 1000 | L21: N/A | O21: C | P21: C | Q21: =1-BD_MR_FF[[#This Row],[% Defectos]] -> 1 | R21: 0 | S21: =+IFERROR((BD_MR_FF[[#This Row],[Desviación de Color]]/BD_MR_FF[[#This Row],[Muestra]]),"0") -> 0 | T21: 0 | U21: =+IFERROR((BD_MR_FF[[#This Row],[Sobremaduro]]/BD_MR_FF[[#This Row],[Muestra]]),"0") -> 0 | V21: 0 | W21: =+IFERROR((BD_MR_FF[[#This Row],[Daño Mécanico]]/BD_MR_FF[[#This Row],[Muestra]]),"0") -> 0 | X21: 0 | Y21: =+IFERROR((BD_MR_FF[[#This Row],[Daño Insecto]]/BD_MR_FF[[#This Row],[Muestra]]),"0") -> 0 | Z21: 0 | AA21: =+IFERROR((BD_MR_FF[[#This Row],[Block]]/BD_MR_FF[[#This Row],[Muestra]]),"0") -> 0 | AB21: 0 | AC21: =+IFERROR((BD_MR_FF[[#This Row],[Mohos]]/BD_MR_FF[[#This Row],[Muestra]]),"0") -> 0 | AD21: 0 | AE21: 0 | AG21: 0 | AH21: =+IFERROR((BD_MR_FF[[#This Row],[Valor Extra 1]]/BD_MR_FF[[#This Row],[Muestra]]),"0") -> 0 | AJ21: 0 | AK21: =+IFERROR((BD_MR_FF[[#This Row],[Valor Extra 2]]/BD_MR_FF[[#This Row],[Muestra]]),"0") -> 0 | AL21: 0 | AM21: =+IFERROR((BD_MR_FF[[#This Row],[Calibre >16]]/BD_MR_FF[[#This Row],[Muestra]]),"0") -> 0 | AN21: 0 | AO21: =+IFERROR((BD_MR_FF[[#This Row],[Calibre <16]]/BD_MR_FF[[#This Row],[Muestra]]),"0") -> 0 | AW21: - | AX21: C | AY21: C | AZ21: =SUM(BD_MR_FF[[#This Row],[Desviación de Color]]+BD_MR_FF[[#This Row],[Sobremaduro]]+BD_MR_FF[[#This Row],[Daño Mécanico]]+BD_MR_FF[[#This Row],[Daño Insecto]]+BD_MR_FF[[#This Row],[Block]]+BD_MR_FF[[#This Row],[Mohos]]) -> 0 | BA21: =SUM(BD_MR_FF[[#This Row],[% Desv. Color (≤5%)]]+BD_MR_FF[[#This Row],[% Sobremaduro (≤6%)]]+BD_MR_FF[[#This Row],[% Daño Mécanico (≤6%)]]+BD_MR_FF[[#This Row],[% Daño Insc. (≤5%)]]+BD_MR_FF[[#This Row],[% Block (≤5%)]]+BD_MR_FF[[#This Row],[% Mohos (0%)]]) -> 0 | BC21: =1-BD_MR_FF[[#This Row],[% Defectos]] -> 1 | BE21: =SUM(BD_MR_FF[[#This Row],[Palos (Un.) (≤18)]:[Larvas (Un.) (≤24)]]) -> 0 | BF21: =SUM(BD_MR_FF[[#This Row],[Vidrio (Un.) (0)]:[Plástico (Un.) (0)]]) -> 0 | BG21: =IF(ISBLANK(BD_MR_FF[[#This Row],[Descripción del Producto]]),"",BD_MR_FF[[#This Row],[Descripción del Producto]]) | BH21: =IF(ISBLANK(BD_MR_FF[[#This Row],[N° Lote]]),"",BD_MR_FF[[#This Row],[N° Lote]]) | BI21: =IF(ISBLANK(BD_MR_FF[[#This Row],[N° Pallet]]),"",BD_MR_FF[[#This Row],[N° Pallet]])
B22: =_xlfn.ISOWEEKNUM(BD_MR_FF[[#This Row],[Fecha]]) -> 52 | F22: =IFERROR("" & _xlfn.XLOOKUP(BD_MR_FF[[#This Row],[Código]],BD_Cod!A:A,BD_Cod!B:B), "") | G22: =IFERROR(" " &_xlfn.XLOOKUP(BD_MR_FF[[#This Row],[Código]],BD_Cod!A:A,BD_Cod!H:H," ")," ") | J22: 1000 | L22: N/A | O22: C | P22: C | Q22: =1-BD_MR_FF[[#This Row],[% Defectos]] -> 1 | R22: 0 | S22: =+IFERROR((BD_MR_FF[[#This Row],[Desviación de Color]]/BD_MR_FF[[#This Row],[Muestra]]),"0") -> 0 | T22: 0 | U22: =+IFERROR((BD_MR_FF[[#This Row],[Sobremaduro]]/BD_MR_FF[[#This Row],[Muestra]]),"0") -> 0 | V22: 0 | W22: =+IFERROR((BD_MR_FF[[#This Row],[Daño Mécanico]]/BD_MR_FF[[#This Row],[Muestra]]),"0") -> 0 | X22: 0 | Y22: =+IFERROR((BD_MR_FF[[#This Row],[Daño Insecto]]/BD_MR_FF[[#This Row],[Muestra]]),"0") -> 0 | Z22: 0 | AA22: =+IFERROR((BD_MR_FF[[#This Row],[Block]]/BD_MR_FF[[#This Row],[Muestra]]),"0") -> 0 | AB22: 0 | AC22: =+IFERROR((BD_MR_FF[[#This Row],[Mohos]]/BD_MR_FF[[#This Row],[Muestra]]),"0") -> 0 | AD22: 0 | AE22: 0 | AG22: 0 | AH22: =+IFERROR((BD_MR_FF[[#This Row],[Valor Extra 1]]/BD_MR_FF[[#This Row],[Muestra]]),"0") -> 0 | AJ22: 0 | AK22: =+IFERROR((BD_MR_FF[[#This Row],[Valor Extra 2]]/BD_MR_FF[[#This Row],[Muestra]]),"0") -> 0 | AL22: 0 | AM22: =+IFERROR((BD_MR_FF[[#This Row],[Calibre >16]]/BD_MR_FF[[#This Row],[Muestra]]),"0") -> 0 | AN22: 0 | AO22: =+IFERROR((BD_MR_FF[[#This Row],[Calibre <16]]/BD_MR_FF[[#This Row],[Muestra]]),"0") -> 0 | AW22: - | AX22: C | AY22: C | AZ22: =SUM(BD_MR_FF[[#This Row],[Desviación de Color]]+BD_MR_FF[[#This Row],[Sobremaduro]]+BD_MR_FF[[#This Row],[Daño Mécanico]]+BD_MR_FF[[#This Row],[Daño Insecto]]+BD_MR_FF[[#This Row],[Block]]+BD_MR_FF[[#This Row],[Mohos]]) -> 0 | BA22: =SUM(BD_MR_FF[[#This Row],[% Desv. Color (≤5%)]]+BD_MR_FF[[#This Row],[% Sobremaduro (≤6%)]]+BD_MR_FF[[#This Row],[% Daño Mécanico (≤6%)]]+BD_MR_FF[[#This Row],[% Daño Insc. (≤5%)]]+BD_MR_FF[[#This Row],[% Block (≤5%)]]+BD_MR_FF[[#This Row],[% Mohos (0%)]]) -> 0 | BC22: =1-BD_MR_FF[[#This Row],[% Defectos]] -> 1 | BE22: =SUM(BD_MR_FF[[#This Row],[Palos (Un.) (≤18)]:[Larvas (Un.) (≤24)]]) -> 0 | BF22: =SUM(BD_MR_FF[[#This Row],[Vidrio (Un.) (0)]:[Plástico (Un.) (0)]]) -> 0 | BG22: =IF(ISBLANK(BD_MR_FF[[#This Row],[Descripción del Producto]]),"",BD_MR_FF[[#This Row],[Descripción del Producto]]) | BH22: =IF(ISBLANK(BD_MR_FF[[#This Row],[N° Lote]]),"",BD_MR_FF[[#This Row],[N° Lote]]) | BI22: =IF(ISBLANK(BD_MR_FF[[#This Row],[N° Pallet]]),"",BD_MR_FF[[#This Row],[N° Pallet]])
